Table 1.1. U.S. International Transactions,,,,,,,,,,,,,,,,,,,,,,,,,,,,,,,,,,,,,,,,,,,,,,,,,,,,,,,,,,,,,,,,,,,,,,,,,,,,,,,,,,,,,,,,,,,,,,,,,,,,,,,,,,,,,,,,,,,,,,,,,,,,,,,,,,,,,,,,,,,,,,,,,,,,,,,,,,,,,,,,,,,,,,,,,,,,,,,,,,,,,,,,,,,,,,,,,,,,,,,,,,,,,,,,,,,,,,,,,,,,,,,,,,,,,,,,,,,,,,,,,,,
[Millions of dollars] ,,,,,,,,,,,,,,,,,,,,,,,,,,,,,,,,,,,,,,,,,,,,,,,,,,,,,,,,,,,,,,,,,,,,,,,,,,,,,,,,,,,,,,,,,,,,,,,,,,,,,,,,,,,,,,,,,,,,,,,,,,,,,,,,,,,,,,,,,,,,,,,,,,,,,,,,,,,,,,,,,,,,,,,,,,,,,,,,,,,,,,,,,,,,,,,,,,,,,,,,,,,,,,,,,,,,,,,,,,,,,,,,,,,,,,,,,,,,,,,,,,,
Bureau of Economic Analysis ,,,,,,,,,,,,,,,,,,,,,,,,,,,,,,,,,,,,,,,,,,,,,,,,,,,,,,,,,,,,,,,,,,,,,,,,,,,,,,,,,,,,,,,,,,,,,,,,,,,,,,,,,,,,,,,,,,,,,,,,,,,,,,,,,,,,,,,,,,,,,,,,,,,,,,,,,,,,,,,,,,,,,,,,,,,,,,,,,,,,,,,,,,,,,,,,,,,,,,,,,,,,,,,,,,,,,,,,,,,,,,,,,,,,,,,,,,,,,,,,,,,
"Release Date: September 18, 2020 - Next Release Date: December 18, 2020",,,,,,,,,,,,,,,,,,,,,,,,,,,,,,,,,,,,,,,,,,,,,,,,,,,,,,,,,,,,,,,,,,,,,,,,,,,,,,,,,,,,,,,,,,,,,,,,,,,,,,,,,,,,,,,,,,,,,,,,,,,,,,,,,,,,,,,,,,,,,,,,,,,,,,,,,,,,,,,,,,,,,,,,,,,,,,,,,,,,,,,,,,,,,,,,,,,,,,,,,,,,,,,,,,,,,,,,,,,,,,,,,,,,,,,,,,,,,,,,,,,
 Line, ,Not seasonally adjusted,Not seasonally adjusted,Not seasonally adjusted,Not seasonally adjusted,Not seasonally adjusted ,Not seasonally adjusted ,Not seasonally adjusted ,Not seasonally adjusted ,Not seasonally adjusted,Not seasonally adjusted,Not seasonally adjusted,Not seasonally adjusted,Not seasonally adjusted ,Not seasonally adjusted ,Not seasonally adjusted ,Not seasonally adjusted ,Not seasonally adjusted,Not seasonally adjusted,Not seasonally adjusted,Not seasonally adjusted,Not seasonally adjusted ,Not seasonally adjusted ,Not seasonally adjusted ,Not seasonally adjusted ,Not seasonally adjusted,Not seasonally adjusted,Not seasonally adjusted,Not seasonally adjusted,Not seasonally adjusted ,Not seasonally adjusted ,Not seasonally adjusted ,Not seasonally adjusted ,Not seasonally adjusted,Not seasonally adjusted,Not seasonally adjusted,Not seasonally adjusted,Not seasonally adjusted ,Not seasonally adjusted ,Not seasonally adjusted ,Not seasonally adjusted ,Not seasonally adjusted,Not seasonally adjusted,Not seasonally adjusted,Not seasonally adjusted,Not seasonally adjusted ,Not seasonally adjusted ,Not seasonally adjusted ,Not seasonally adjusted ,Not seasonally adjusted,Not seasonally adjusted,Not seasonally adjusted,Not seasonally adjusted,Not seasonally adjusted ,Not seasonally adjusted ,Not seasonally adjusted ,Not seasonally adjusted ,Not seasonally adjusted,Not seasonally adjusted,Not seasonally adjusted,Not seasonally adjusted,Not seasonally adjusted ,Not seasonally adjusted ,Not seasonally adjusted ,Not seasonally adjusted ,Not seasonally adjusted,Not seasonally adjusted,Not seasonally adjusted,Not seasonally adjusted,Not seasonally adjusted ,Not seasonally adjusted ,Not seasonally adjusted ,Not seasonally adjusted ,Not seasonally adjusted,Not seasonally adjusted,Not seasonally adjusted,Not seasonally adjusted,Not seasonally adjusted ,Not seasonally adjusted ,Not seasonally adjusted ,Not seasonally adjusted ,Not seasonally adjusted,Not seasonally adjusted,Not seasonally adjusted,Not seasonally adjusted,Not seasonally adjusted ,Not seasonally adjusted ,Not seasonally adjusted ,Not seasonally adjusted ,Not seasonally adjusted,Not seasonally adjusted,Not seasonally adjusted,Not seasonally adjusted,Not seasonally adjusted ,Not seasonally adjusted ,Not seasonally adjusted ,Not seasonally adjusted ,Not seasonally adjusted,Not seasonally adjusted,Not seasonally adjusted,Not seasonally adjusted,Not seasonally adjusted ,Not seasonally adjusted ,Not seasonally adjusted ,Not seasonally adjusted ,Not seasonally adjusted,Not seasonally adjusted,Not seasonally adjusted,Not seasonally adjusted,Not seasonally adjusted ,Not seasonally adjusted ,Not seasonally adjusted ,Not seasonally adjusted ,Not seasonally adjusted,Not seasonally adjusted,Not seasonally adjusted,Not seasonally adjusted,Not seasonally adjusted ,Not seasonally adjusted ,Not seasonally adjusted ,Not seasonally adjusted ,Not seasonally adjusted,Not seasonally adjusted,Not seasonally adjusted,Not seasonally adjusted,Not seasonally adjusted ,Not seasonally adjusted ,Not seasonally adjusted ,Not seasonally adjusted ,Not seasonally adjusted,Not seasonally adjusted,Not seasonally adjusted,Not seasonally adjusted,Not seasonally adjusted ,Not seasonally adjusted ,Not seasonally adjusted ,Not seasonally adjusted ,Not seasonally adjusted,Not seasonally adjusted,Not seasonally adjusted,Not seasonally adjusted,Not seasonally adjusted ,Not seasonally adjusted ,Not seasonally adjusted ,Not seasonally adjusted ,Not seasonally adjusted,Not seasonally adjusted,Not seasonally adjusted,Not seasonally adjusted,Not seasonally adjusted ,Not seasonally adjusted ,Not seasonally adjusted ,Not seasonally adjusted ,Not seasonally adjusted,Not seasonally adjusted,Not seasonally adjusted,Not seasonally adjusted,Not seasonally adjusted ,Not seasonally adjusted ,Not seasonally adjusted ,Not seasonally adjusted ,Not seasonally adjusted,Not seasonally adjusted,Not seasonally adjusted,Not seasonally adjusted,Not seasonally adjusted ,Not seasonally adjusted ,Not seasonally adjusted ,Not seasonally adjusted ,Not seasonally adjusted,Not seasonally adjusted,Not seasonally adjusted,Not seasonally adjusted,Not seasonally adjusted ,Not seasonally adjusted ,Not seasonally adjusted ,Not seasonally adjusted ,Not seasonally adjusted,Not seasonally adjusted,Not seasonally adjusted,Not seasonally adjusted,Not seasonally adjusted ,Not seasonally adjusted ,Not seasonally adjusted ,Not seasonally adjusted ,Not seasonally adjusted,Not seasonally adjusted,Not seasonally adjusted,Not seasonally adjusted,Not seasonally adjusted ,Not seasonally adjusted ,Not seasonally adjusted ,Not seasonally adjusted ,Not seasonally adjusted,Not seasonally adjusted,Not seasonally adjusted,Not seasonally adjusted,Not seasonally adjusted ,Not seasonally adjusted ,Not seasonally adjusted ,Not seasonally adjusted ,Not seasonally adjusted,Not seasonally adjusted,Not seasonally adjusted,Not seasonally adjusted,Not seasonally adjusted ,Not seasonally adjusted ,Not seasonally adjusted ,Not seasonally adjusted ,Not seasonally adjusted,Not seasonally adjusted,Not seasonally adjusted,Not seasonally adjusted,Not seasonally adjusted ,Not seasonally adjusted ,Not seasonally adjusted ,Not seasonally adjusted ,Not seasonally adjusted,Not seasonally adjusted,Not seasonally adjusted,Not seasonally adjusted,Not seasonally adjusted ,Not seasonally adjusted ,Not seasonally adjusted ,Not seasonally adjusted ,Not seasonally adjusted,Not seasonally adjusted,Not seasonally adjusted,Not seasonally adjusted,Not seasonally adjusted ,Not seasonally adjusted ,Not seasonally adjusted ,Not seasonally adjusted ,Not seasonally adjusted,Not seasonally adjusted,Not seasonally adjusted,Not seasonally adjusted,Not seasonally adjusted ,Not seasonally adjusted ,Not seasonally adjusted ,Not seasonally adjusted ,Not seasonally adjusted,Not seasonally adjusted
 Line, ,1960,1960,1960,1960,1961 ,1961 ,1961 ,1961 ,1962,1962,1962,1962,1963 ,1963 ,1963 ,1963 ,1964,1964,1964,1964,1965 ,1965 ,1965 ,1965 ,1966,1966,1966,1966,1967 ,1967 ,1967 ,1967 ,1968,1968,1968,1968,1969 ,1969 ,1969 ,1969 ,1970,1970,1970,1970,1971 ,1971 ,1971 ,1971 ,1972,1972,1972,1972,1973 ,1973 ,1973 ,1973 ,1974,1974,1974,1974,1975 ,1975 ,1975 ,1975 ,1976,1976,1976,1976,1977 ,1977 ,1977 ,1977 ,1978,1978,1978,1978,1979 ,1979 ,1979 ,1979 ,1980,1980,1980,1980,1981 ,1981 ,1981 ,1981 ,1982,1982,1982,1982,1983 ,1983 ,1983 ,1983 ,1984,1984,1984,1984,1985 ,1985 ,1985 ,1985 ,1986,1986,1986,1986,1987 ,1987 ,1987 ,1987 ,1988,1988,1988,1988,1989 ,1989 ,1989 ,1989 ,1990,1990,1990,1990,1991 ,1991 ,1991 ,1991 ,1992,1992,1992,1992,1993 ,1993 ,1993 ,1993 ,1994,1994,1994,1994,1995 ,1995 ,1995 ,1995 ,1996,1996,1996,1996,1997 ,1997 ,1997 ,1997 ,1998,1998,1998,1998,1999 ,1999 ,1999 ,1999 ,2000,2000,2000,2000,2001 ,2001 ,2001 ,2001 ,2002,2002,2002,2002,2003 ,2003 ,2003 ,2003 ,2004,2004,2004,2004,2005 ,2005 ,2005 ,2005 ,2006,2006,2006,2006,2007 ,2007 ,2007 ,2007 ,2008,2008,2008,2008,2009 ,2009 ,2009 ,2009 ,2010,2010,2010,2010,2011 ,2011 ,2011 ,2011 ,2012,2012,2012,2012,2013 ,2013 ,2013 ,2013 ,2014,2014,2014,2014,2015 ,2015 ,2015 ,2015 ,2016,2016,2016,2016,2017 ,2017 ,2017 ,2017 ,2018,2018,2018,2018,2019 ,2019 ,2019 ,2019 ,2020,2020
 Line, ,Q1,Q2 ,Q3,Q4 ,Q1,Q2 ,Q3,Q4 ,Q1,Q2 ,Q3,Q4 ,Q1,Q2 ,Q3,Q4 ,Q1,Q2 ,Q3,Q4 ,Q1,Q2 ,Q3,Q4 ,Q1,Q2 ,Q3,Q4 ,Q1,Q2 ,Q3,Q4 ,Q1,Q2 ,Q3,Q4 ,Q1,Q2 ,Q3,Q4 ,Q1,Q2 ,Q3,Q4 ,Q1,Q2 ,Q3,Q4 ,Q1,Q2 ,Q3,Q4 ,Q1,Q2 ,Q3,Q4 ,Q1,Q2 ,Q3,Q4 ,Q1,Q2 ,Q3,Q4 ,Q1,Q2 ,Q3,Q4 ,Q1,Q2 ,Q3,Q4 ,Q1,Q2 ,Q3,Q4 ,Q1,Q2 ,Q3,Q4 ,Q1,Q2 ,Q3,Q4 ,Q1,Q2 ,Q3,Q4 ,Q1,Q2 ,Q3,Q4 ,Q1,Q2 ,Q3,Q4 ,Q1,Q2 ,Q3,Q4 ,Q1,Q2 ,Q3,Q4 ,Q1,Q2 ,Q3,Q4 ,Q1,Q2 ,Q3,Q4 ,Q1,Q2 ,Q3,Q4 ,Q1,Q2 ,Q3,Q4 ,Q1,Q2 ,Q3,Q4 ,Q1,Q2 ,Q3,Q4 ,Q1,Q2 ,Q3,Q4 ,Q1,Q2 ,Q3,Q4 ,Q1,Q2 ,Q3,Q4 ,Q1,Q2 ,Q3,Q4 ,Q1,Q2 ,Q3,Q4 ,Q1,Q2 ,Q3,Q4 ,Q1,Q2 ,Q3,Q4 ,Q1,Q2 ,Q3,Q4 ,Q1,Q2 ,Q3,Q4 ,Q1,Q2 ,Q3,Q4 ,Q1,Q2 ,Q3,Q4 ,Q1,Q2 ,Q3,Q4 ,Q1,Q2 ,Q3,Q4 ,Q1,Q2 ,Q3,Q4 ,Q1,Q2 ,Q3,Q4 ,Q1,Q2 ,Q3,Q4 ,Q1,Q2 ,Q3,Q4 ,Q1,Q2 ,Q3,Q4 ,Q1,Q2 ,Q3,Q4 ,Q1,Q2 ,Q3,Q4 ,Q1,Q2 ,Q3,Q4 ,Q1,Q2 ,Q3,Q4 ,Q1,Q2 ,Q3,Q4 ,Q1,Q2 ,Q3,Q4 ,Q1,Q2 ,Q3,Q4 ,Q1,Q2 ,Q3,Q4 ,Q1,Q2 ,Q3,Q4 ,Q1,Q2 ,Q3,Q4 ,Q1,Q2 
 ,Current account, , , , , , , , , , , , , , , , , , , , , , , , , , , , , , , , , , , , , , , , , , , , , , , , , , , , , , , , , , , , , , , , , , , , , , , , , , , , , , , , , , , , , , , , , , , , , , , , , , , , , , , , , , , , , , , , , , , , , , , , , , , , , , , , , , , , , , , , , , , , , , , , , , , , , , , , , , , , , , , , , , , , , , , , , , , , , , , , , , , , , , , , , , , , , , , , , , , , , , , , , , , , , , , , , , , , , , , , , , , , , , , , , , , , , , , , , , , , , , , , , , 
1,Exports of goods and services and income receipts (credits),7219,7965,7372,7999,7673,8001,7455,8274,7870,8968,7920,8582,8244,9499,8434,9599,9702,10214,9580,10668,9418,11559,10375,11370,10873,12061,11220,12300,12149,12657,11844,12704,12770,14039,13794,14309,12687,15956,15043,16447,16230,17973,16827,17358,17847,18800,18061,17675,19612,20105,19906,22364,24601,27917,28016,32517,34663,38318,35692,39811,39631,39752,36751,41802,40669,43578,42139,45704,44416,48199,45239,46803,48673,55615,53747,62480,64620,70081,71728,81538,85439,85217,83241,90543,94687,97783,92564,95894,94897,98350,90403,88107,87929,89839,88962,95407,97945,102982,101793,104013,99583,100026,94539,99969,101776,104540,101347,105169,106549,113930,116252,125741,136808,142414,142706,150888,156637,166739,162220,167791,172873,177593,174648,187014,182222,184186,180658,186604,187459,189762,186828,191915,191467,196116,193722,203164,203840,214056,221277,233528,241375,250502,254281,261890,264093,267443,264917,284679,286638,301047,301659,306466,300587,300376,291860,306595,308351,323156,331573,350368,353384,374020,375899,382816,362874,356298,328764,320204,319035,340454,341987,344029,339702,354484,357628,385334,393825,414069,414028,439181,450621,468654,472581,501296,513073,552984,553736,584424,583068,631022,652010,681835,682750,721227,711591,638809,548609,563274,586709,632577,626093,664581,679255,717528,716589,765298,776414,778374,768616,787962,787132,807487,782615,811773,814508,841861,811251,858878,852992,855979,791217,827128,814350,803654,765510,807677,819233,843022,839488,868770,897418,936333,914243,963761,948642,966221,924653,961888,957388,962008,879515,689933
2,  Exports of goods and services,6120,6835,6237,6747,6455,6797,6228,6923,6629,7593,6554,6946,6764,8007,6928,7921,8020,8526,7883,8911,7584,9620,8556,9525,9093,10198,9387,10248,10236,10732,9829,10536,10615,11710,11442,11777,10166,13272,12312,13470,13308,14935,13903,14494,14873,15603,14955,14246,16183,16475,16415,18150,19998,22653,22563,26028,27809,31178,28984,32926,33597,33761,30752,34475,33702,36197,35044,37773,36717,40095,37331,38159,39112,45680,44158,49478,50990,55018,55394,62730,65063,69037,66712,71023,73879,76018,71412,73090,71202,72769,66650,64614,65923,66555,64779,68849,70678,73813,72242,74361,73203,73498,69602,72768,74525,78641,76934,79934,80735,86006,88087,94041,102822,108295,108155,111878,116401,124460,121456,124686,129691,134397,132412,138734,138434,145535,144126,150248,151811,153766,153275,158030,156845,161042,158318,166658,165898,173661,177787,185908,189594,196447,201365,206981,207521,211677,208045,224359,222951,234736,235077,241689,232769,232119,226633,241653,230980,240736,244407,260402,256591,272148,275107,279117,266291,264686,244034,240355,234629,250644,247940,252882,244070,253064,254790,276262,277483,292801,289918,307917,305799,324493,320656,340554,342574,368458,365911,387047,383185,409715,420319,447597,446614,482703,482460,437809,368569,383435,401597,439191,431149,460042,473008,508122,502420,539071,548502,553559,544472,565895,558101,578985,554292,579243,578154,601548,571727,605499,603415,611627,556095,583585,571786,568276,527372,560462,568903,581186,566550,594405,597714,628721,611038,647210,636253,644882,613726,638815,631666,644055,589677,446240
3,    Goods,4664,5058,4736,5192,5062,4970,4719,5357,5057,5513,4960,5251,5019,5772,5272,6209,6206,6359,5987,6949,5647,7092,6383,7339,7091,7401,7005,7813,7638,7966,7190,7872,7940,8644,8310,8732,7443,9865,8936,10170,10247,11149,10141,10932,11031,11341,10855,10092,11916,12074,11619,13772,15610,17642,17220,20938,22767,25295,23154,27090,27262,26850,24638,28338,27301,29419,27433,30592,29417,32092,28993,30314,30666,36772,34534,40103,41662,45172,44957,52648,54468,57401,53528,58853,60356,61682,55856,59150,55259,56685,50078,49135,49633,50598,48052,53516,53657,55991,53443,56835,55338,55553,50701,54323,54037,58017,53730,57560,57646,61683,61614,69265,77006,81222,77852,84150,86849,94042,86863,92162,95820,99206,92460,99915,101408,105772,99438,107465,108897,110683,105587,114464,112161,115764,108267,120751,118792,124955,123800,135312,138769,144742,141105,150588,151602,154006,145526,160979,162328,172087,166183,177768,170134,167707,157823,174752,166944,172435,170345,188800,188078,197177,196555,203130,195640,191128,170674,173889,167611,178889,173392,178143,175776,181802,177447,195421,197570,207467,202647,215900,216722,231823,224439,240032,246198,263162,259111,272434,272304,289229,291785,311833,319810,345338,342707,300940,249584,255234,267500,298013,299749,318047,321391,351091,355244,377577,378134,387931,385886,395474,382646,398625,386844,400853,391943,414067,395935,414337,408318,416973,374768,390159,373999,372455,347952,364956,364621,379864,375105,386764,384279,410855,405426,432317,416103,423104,410239,417456,408029,416713,397425,291826
4,    Services,1456,1777,1501,1555,1393,1827,1509,1566,1572,2080,1594,1695,1745,2235,1656,1712,1814,2167,1896,1962,1937,2528,2173,2186,2002,2797,2382,2435,2598,2766,2639,2664,2675,3066,3132,3045,2723,3407,3376,3300,3061,3786,3762,3562,3842,4262,4100,4154,4267,4401,4796,4378,4388,5011,5343,5090,5042,5883,5830,5836,6335,6911,6114,6137,6401,6778,7611,7181,7300,8003,8338,7845,8446,8908,9624,9375,9328,9846,10437,10082,10595,11636,13184,12170,13523,14336,15556,13940,15943,16084,16572,15479,16290,15957,16727,15333,17021,17822,18799,17526,17865,17945,18901,18445,20488,20624,23204,22374,23089,24323,26473,24776,25816,27073,30303,27728,29552,30418,34593,32524,33871,35191,39952,38819,37026,39763,44688,42783,42914,43083,47688,43566,44684,45278,50051,45907,47106,48706,53987,50596,50825,51705,60260,56393,55919,57671,62519,63380,60623,62649,68894,63921,62635,64412,68810,66901,64036,68300,74062,71602,68513,74971,78553,75986,70651,73558,73360,66466,67018,71755,74548,74739,68294,71262,77343,80841,79913,85334,87271,92018,89078,92670,96217,100522,96376,105296,106800,114614,110880,120486,128534,135764,126805,137365,139753,136869,118985,128202,134096,141178,131399,141995,151616,157030,147177,161494,170368,165627,158586,170421,175456,180360,167449,178390,186210,187480,175792,191162,195096,194654,181327,193426,197787,195821,179420,195507,204282,201322,191445,207641,213435,217866,205612,214894,220150,221778,203487,221359,223637,227342,192252,154415
5,  Primary income receipts,1099,1130,1135,1252,1218,1204,1227,1351,1241,1375,1366,1636,1480,1492,1506,1678,1682,1688,1697,1757,1834,1939,1819,1845,1780,1863,1833,2052,1913,1925,2015,2168,2155,2329,2352,2532,2521,2684,2731,2977,2922,3038,2924,2864,2974,3197,3106,3429,3429,3630,3491,4214,4603,5264,5453,6489,6854,7140,6708,6885,6034,5991,5999,7327,6967,7381,7095,7931,7699,8104,7908,8644,9561,9935,9589,13002,13630,15063,16334,18808,20376,16180,16529,19520,20808,21765,21152,22804,23695,25581,23753,23493,22006,23284,24183,26558,27267,29169,29551,29652,26380,26528,24937,27201,27251,25899,24413,25235,25814,27924,28165,31700,33986,34119,34551,39010,40236,42279,40764,43105,43182,43196,42236,48280,43788,38651,36532,36356,35648,35996,33553,33885,34622,35074,35404,36506,37942,40395,43490,47620,51781,54055,52916,54909,56572,55766,56872,60320,63687,66311,66582,64777,67818,68257,65227,64942,69593,73342,78499,81105,87412,92900,91408,93892,86781,81484,74310,68789,72471,76937,80282,76702,81572,85395,86833,93130,101551,106920,109526,114842,125778,130328,135766,144422,151771,167370,171896,178882,184427,204659,213417,214436,217457,218276,208544,175968,157614,158185,165034,172390,173803,181036,183185,185198,190449,201099,202070,197852,198541,195135,199806,198198,197460,202778,204891,206432,205531,209902,218088,212405,202489,209126,210936,202549,204287,212552,215433,225547,230572,238294,257009,271649,268446,279982,274708,285337,275983,287775,288335,283598,254790,209614
6,    Investment income,1099,1130,1135,1252,1218,1204,1227,1351,1241,1375,1366,1636,1480,1492,1506,1678,1682,1688,1697,1757,1834,1939,1819,1845,1780,1863,1833,2052,1913,1925,2015,2168,2155,2329,2352,2532,2521,2684,2731,2977,2922,3038,2924,2864,2974,3197,3106,3429,3429,3630,3491,4214,4603,5264,5453,6489,6854,7140,6708,6885,6034,5991,5999,7327,6967,7381,7095,7931,7699,8104,7908,8644,9561,9935,9589,13002,13630,15063,16334,18808,20376,16180,16529,19520,20808,21765,21152,22804,23695,25581,23753,23493,22006,23284,24183,26558,27267,29169,29551,29652,26380,26528,24937,27201,27032,25676,24183,24999,25568,27676,27915,31450,33737,33872,34302,38760,39987,42030,40508,42842,42900,42904,41944,47974,43470,38332,36207,36028,35218,35558,33097,33413,34187,34628,34942,36029,37477,39920,42997,47110,51238,53511,52369,54364,56028,55222,56325,59774,63120,65745,66013,64209,67228,67657,64611,64311,68534,72282,77436,80042,86314,91802,90310,92792,85654,80357,73180,67659,71331,75796,79138,75557,80408,84229,85664,91958,100368,105740,108342,113655,124581,129131,134565,143220,150512,166106,170626,177607,183130,203358,212109,213122,216121,216934,207198,174627,156193,156752,163591,170946,172327,179552,181699,183714,188926,199572,200538,196329,197018,193582,198221,196556,195833,201122,203221,204771,203908,208278,216459,210778,200845,207478,209288,200910,202665,210951,213861,224012,229010,236721,255409,270037,266800,278316,273035,283669,274307,286094,286650,281915,253108,208073
7,    Compensation of employees,.....,.....,.....,.....,.....,.....,.....,.....,.....,.....,.....,.....,.....,.....,.....,.....,.....,.....,.....,.....,.....,.....,.....,.....,.....,.....,.....,.....,.....,.....,.....,.....,.....,.....,.....,.....,.....,.....,.....,.....,.....,.....,.....,.....,.....,.....,.....,.....,.....,.....,.....,.....,.....,.....,.....,.....,.....,.....,.....,.....,.....,.....,.....,.....,.....,.....,.....,.....,.....,.....,.....,.....,.....,.....,.....,.....,.....,.....,.....,.....,.....,.....,.....,.....,.....,.....,.....,.....,.....,.....,.....,.....,.....,.....,.....,.....,.....,.....,.....,.....,.....,.....,.....,.....,219,223,230,236,246,248,250,250,249,247,249,250,249,249,256,263,282,292,292,306,318,319,325,328,430,438,456,472,435,446,462,477,465,475,493,510,543,544,547,545,544,544,547,546,567,566,569,568,590,600,616,631,1060,1061,1062,1063,1099,1098,1098,1100,1127,1127,1129,1130,1140,1141,1144,1145,1164,1167,1169,1172,1183,1180,1184,1187,1197,1197,1200,1201,1259,1264,1270,1275,1297,1301,1308,1313,1336,1341,1346,1341,1421,1432,1443,1444,1476,1484,1486,1484,1523,1527,1531,1523,1523,1553,1585,1642,1627,1656,1670,1660,1623,1624,1629,1627,1643,1648,1648,1639,1622,1601,1572,1535,1561,1574,1600,1612,1645,1665,1673,1668,1676,1681,1684,1683,1682,1541
8,  Secondary income (current transfer) receipts /1/,.....,.....,.....,.....,.....,.....,.....,.....,.....,.....,.....,.....,.....,.....,.....,.....,.....,.....,.....,.....,.....,.....,.....,.....,.....,.....,.....,.....,.....,.....,.....,.....,.....,.....,.....,.....,.....,.....,.....,.....,.....,.....,.....,.....,.....,.....,.....,.....,.....,.....,.....,.....,.....,.....,.....,.....,.....,.....,.....,.....,.....,.....,.....,.....,.....,.....,.....,.....,.....,.....,.....,.....,.....,.....,.....,.....,.....,.....,.....,.....,.....,.....,.....,.....,.....,.....,.....,.....,.....,.....,.....,.....,.....,.....,.....,.....,.....,.....,.....,.....,.....,.....,.....,.....,.....,.....,.....,.....,.....,.....,.....,.....,.....,.....,.....,.....,.....,.....,.....,.....,.....,.....,.....,.....,.....,.....,.....,.....,.....,.....,.....,.....,.....,.....,.....,.....,.....,.....,.....,.....,.....,.....,.....,.....,.....,.....,.....,.....,.....,.....,.....,.....,.....,.....,.....,.....,7778,9078,8667,8861,9381,8972,9384,9808,9802,10128,10420,11061,11936,12872,13765,14445,14060,16024,16005,15942,14792,14348,14584,16422,19043,13833,16159,16320,18728,17156,15929,18495,15456,16649,18275,19802,18679,20248,20588,25032,22426,21655,20079,20996,21141,23502,23062,24209,23720,25127,25842,26964,25604,26932,29225,30304,30863,29752,31464,33881,33993,43477,31489,31948,32634,34416,31628,32829,33851,34663,34897,36290,42366,36070,42695,35963,34759,36570,37681,36002,34944,35298,37387,34355,35048,34078
9,Imports of goods and services and income payments (debits),6819,7335,7016,6562,6390,6991,7096,7104,7130,7794,7511,7518,7221,8173,8112,7859,7670,8573,8553,8546,8071,9881,9659,9682,9823,11143,11354,11105,11158,11851,11912,11849,12376,13520,14414,13989,12320,15969,15757,15688,15294,16861,17231,16669,16668,19101,19611,18438,20743,21760,22539,22738,23763,27090,26987,28072,32454,37740,38211,38116,35078,34190,34863,35691,37905,41116,44592,44183,46892,50328,50495,51277,54553,59005,60322,61779,63289,70042,74652,80267,87051,85415,83030,86628,91835,96317,94199,93547,93438,94994,97185,91679,88088,98032,105350,109358,115185,127370,129428,129091,119287,129725,129772,133490,131768,141240,143057,143942,140762,154383,160894,167088,164096,171648,175490,182735,178366,190555,191521,192432,188767,195364,203840,203126,164480,179888,192243,194162,186335,199957,209222,212060,198568,215941,222151,232612,220977,241610,260702,271025,263999,282532,289461,285624,281704,297805,310653,315734,312271,330384,345650,348233,334468,352130,361664,366217,360765,390847,418278,430171,437966,470121,490860,489091,459333,451423,442719,408746,409481,454773,469708,467653,463115,482876,500826,512619,519589,570415,588181,618809,605798,650750,675914,709924,696786,759871,788810,775397,767003,823367,843135,850980,843156,901505,914477,791762,632286,650902,697907,729803,712925,778623,812559,815360,816705,887924,904757,882591,864794,904743,904969,894806,855387,903956,917875,910392,882606,950783,959984,953547,875799,930048,937372,900486,857066,909019,932632,931589,909997,975735,996122,1025423,993017,1063382,1087799,1098362,1030868,1093875,1097631,1063789,977453,861734
10,  Imports of goods and services,5532,5849,5819,5233,5108,5481,5871,5748,5697,6187,6288,6180,5755,6400,6790,6466,6227,6851,7189,7052,6533,7869,8130,8089,8101,8980,9654,9252,9165,9680,9941,9943,10356,11296,12118,11522,10153,13163,13124,12690,12508,13863,14250,13764,13733,16037,16431,14779,17015,18151,18561,18937,20233,22751,22665,23693,26480,32271,33128,33310,29979,28684,30426,31092,33487,36659,39045,39607,42598,45544,45520,45885,48801,52223,53328,53839,54642,60770,64395,68889,74493,73423,70544,72782,76463,79929,76993,77185,74574,75136,77411,72271,70843,79844,85652,87535,92625,102648,103139,101754,94396,104785,104248,107522,104927,112598,115614,115433,112883,124684,129789,133197,129801,136691,137941,141281,137028,146928,147798,148391,145609,150957,158253,161279,144076,150126,156248,159029,150428,161988,171024,172654,163913,177933,183861,187467,180467,196950,210361,213969,209301,226027,228992,226451,222231,238006,247591,247839,242690,259071,271086,269879,258478,273885,282343,284608,275721,300975,323481,332158,335244,359940,380471,376995,353790,350895,342129,328926,316241,352884,366600,371036,357255,374998,390136,402039,402007,442193,458736,476022,457771,497369,517349,535556,519011,561873,581748,564891,546127,589255,610628,625802,611523,671616,695360,583437,452794,469189,519368,546213,533929,594254,623733,623491,621214,684873,703339,688648,669651,707427,703042,693239,652340,697585,709515,700625,673638,733415,739754,729605,664204,707683,710392,688726,636893,681888,700128,700183,678403,728349,734981,759448,733732,781561,801440,802586,739834,795334,799286,770672,703646,612835
11,    Goods,3836,3867,3560,3495,3409,3468,3691,3969,3952,4096,3980,4232,3948,4244,4327,4529,4366,4600,4679,5055,4610,5493,5495,5912,5913,6270,6540,6770,6614,6586,6416,7250,7684,8202,8471,8634,7330,9742,9165,9570,9474,10034,9836,10522,10471,11975,11845,11288,13358,13643,13709,15087,16178,17630,17278,19413,22113,26576,26966,28156,24966,23123,24212,25884,28173,30416,31983,33656,36540,38283,37808,39276,41862,44114,44184,45842,46717,51402,54099,59789,64956,62870,59176,62748,65902,67930,64608,66627,62660,61432,63535,60015,58852,65614,70304,74131,78202,84913,83772,85531,78579,85585,83734,90190,87114,92674,92524,96113,93587,101248,104400,110530,107442,111540,110605,117602,114067,120898,119242,123458,119839,121461,125287,131851,116412,119837,124527,130244,122902,131734,138225,143667,136194,146396,150197,156607,150167,162978,173862,181683,177389,189998,190392,191595,187681,199437,205505,210490,205113,217019,225413,229249,218324,227923,232809,239581,231490,250880,270120,283101,286144,303657,319534,322387,300650,292324,283528,277198,262394,294091,305383,311413,299772,313872,322028,336417,336169,369171,381497,401512,385655,418445,434927,456794,438804,472860,490558,475972,458387,491683,508147,528131,514531,565109,583417,478230,357442,366969,413437,442177,433729,484042,508162,513017,516639,567051,581533,574662,559727,586504,580397,577121,543785,578408,589000,583054,558517,607698,613665,605600,548498,580320,581381,563051,517113,551286,566960,571836,553300,588396,591959,622691,602682,637616,655419,661534,602936,641962,646250,625620,573130,511739
12,    Services,1696,1982,2259,1738,1699,2013,2180,1779,1745,2091,2308,1948,1807,2156,2463,1937,1861,2251,2510,1997,1923,2376,2635,2177,2188,2710,3114,2482,2551,3094,3525,2693,2672,3094,3647,2888,2823,3421,3959,3120,3034,3829,4414,3242,3262,4062,4586,3491,3657,4508,4852,3850,4055,5121,5387,4280,4367,5695,6162,5154,5013,5561,6214,5208,5314,6243,7062,5951,6058,7261,7712,6609,6939,8109,9144,7997,7925,9368,10296,9100,9537,10553,11368,10034,10561,11999,12385,10558,11914,13704,13876,12256,11991,14230,15348,13404,14423,17735,19367,16223,15817,19200,20514,17332,17813,19924,23090,19320,19296,23436,25389,22667,22359,25151,27336,23679,22961,26030,28556,24933,25770,29496,32966,29428,27664,30289,31721,28785,27526,30254,32799,28987,27719,31537,33664,30860,30300,33972,36499,32286,31912,36029,38600,34856,34550,38569,42086,37349,37577,42052,45673,40630,40154,45962,49534,45027,44231,50094,53361,49057,49100,56283,60937,54608,53140,58570,58601,51727,53847,58794,61217,59622,57483,61126,68109,65622,65839,73022,77238,74510,72117,78925,82422,78762,80207,89013,91190,88919,87740,97572,102481,97671,96993,106507,111943,105207,95352,102219,105931,104036,100200,110211,115571,110474,104574,117822,121806,113986,109924,120923,122645,116118,108555,119178,120515,117571,115121,125717,126088,124006,115706,127363,129011,125675,119781,130602,133168,128347,125103,139953,143023,136757,131051,143945,146021,141052,136897,153373,153037,145052,130516,101097
13,  Primary income payments,329,314,301,294,291,299,311,344,318,329,326,351,356,381,391,433,424,437,431,491,495,506,519,568,573,586,628,695,674,666,665,742,774,837,860,907,998,1135,1322,1414,1415,1392,1374,1333,1216,1239,1418,1563,1470,1579,1648,1875,2048,2351,2537,2720,2599,2931,3345,3209,3129,3089,3264,3083,3320,3268,3331,3393,3023,3362,3627,4206,4358,5302,5619,6401,7249,7811,8513,9388,10409,10354,10604,11166,12660,13675,14144,13147,14906,16093,15784,14576,13682,14461,15518,15982,18190,20460,21255,20669,19771,19925,19849,19779,21587,22582,21099,22036,22665,24434,25498,26712,28231,29588,31781,33381,35223,38209,37222,35906,36515,37076,38374,36380,35125,33787,33053,29233,28662,30013,28795,27375,26384,29154,28615,32134,31896,36216,40543,43647,45088,47743,50962,48978,48159,50875,53269,54909,59314,61469,63992,63975,63724,66269,66484,65501,67173,71153,76435,77805,83480,89871,89458,88171,82477,76592,75548,53503,66659,76460,77115,68652,77833,78614,81318,79913,84714,96155,97392,107995,111446,119602,122959,138101,144865,162506,171416,175157,180726,196771,192502,182582,186859,185952,173968,161446,134331,134686,130374,138293,132169,137527,140101,143513,142974,152370,150617,143078,145672,147225,150412,150445,152099,154394,153569,155979,154970,161653,163289,165711,154662,165625,167345,152092,158374,166650,169384,166390,168388,180650,191007,199685,196761,215954,219125,225458,221645,228728,227163,221811,201895,180307
14,    Investment income,329,314,301,294,291,299,311,344,318,329,326,351,356,381,391,433,424,437,431,491,495,506,519,568,573,586,628,695,674,666,665,742,774,837,860,907,998,1135,1322,1414,1415,1392,1374,1333,1216,1239,1418,1563,1470,1579,1648,1875,2048,2351,2537,2720,2599,2931,3345,3209,3129,3089,3264,3083,3320,3268,3331,3393,3023,3362,3627,4206,4358,5302,5619,6401,7249,7811,8513,9388,10409,10354,10604,11166,12660,13675,14144,13147,14906,16093,15784,14576,13682,14461,15518,15982,18190,20460,21255,20669,19771,19925,19849,19779,20911,21930,20436,21349,22036,23822,24947,26166,27755,29130,31368,32881,34707,37682,36665,35220,35724,36274,37491,35392,34241,32855,32015,28061,27556,28874,27574,26089,25239,27938,27291,30687,30538,34777,38991,42044,43633,46237,49337,47301,46740,49372,51640,53160,57804,59885,62255,62140,62148,64632,64653,63551,64328,68169,73652,74926,80792,86879,86371,85066,79611,73479,72276,50254,63705,73237,73794,65334,74666,75258,77918,76480,81327,92396,93702,104288,107589,115401,118772,133939,140892,158197,167260,170952,176931,192608,188477,178455,182647,181659,169652,157053,130969,131086,126725,134996,129225,134078,136398,140083,139875,148815,146844,139564,142532,143482,146510,146922,148796,150485,149445,152105,151519,157551,158938,161668,151062,161416,162784,147769,154593,162246,164668,161975,164786,176409,186358,195282,193118,211717,214365,220981,217656,224083,222037,216787,197892,176691
15,    Compensation of employees,.....,.....,.....,.....,.....,.....,.....,.....,.....,.....,.....,.....,.....,.....,.....,.....,.....,.....,.....,.....,.....,.....,.....,.....,.....,.....,.....,.....,.....,.....,.....,.....,.....,.....,.....,.....,.....,.....,.....,.....,.....,.....,.....,.....,.....,.....,.....,.....,.....,.....,.....,.....,.....,.....,.....,.....,.....,.....,.....,.....,.....,.....,.....,.....,.....,.....,.....,.....,.....,.....,.....,.....,.....,.....,.....,.....,.....,.....,.....,.....,.....,.....,.....,.....,.....,.....,.....,.....,.....,.....,.....,.....,.....,.....,.....,.....,.....,.....,.....,.....,.....,.....,.....,.....,676,652,663,687,629,612,551,546,476,458,413,500,516,527,557,686,791,802,883,988,884,932,1038,1172,1106,1139,1221,1286,1145,1216,1324,1447,1358,1439,1552,1603,1455,1506,1625,1677,1419,1503,1629,1749,1510,1584,1737,1835,1576,1637,1831,1950,2845,2984,2782,2879,2688,2992,3087,3106,2866,3112,3273,3250,2954,3223,3321,3318,3167,3356,3400,3433,3387,3759,3690,3707,3857,4200,4187,4162,3973,4309,4157,4205,3795,4163,4025,4127,4212,4293,4316,4393,3362,3600,3649,3298,2944,3450,3704,3430,3098,3555,3772,3514,3141,3742,3901,3524,3303,3909,4124,3874,3451,4102,4351,4043,3600,4209,4561,4323,3781,4404,4716,4415,3602,4241,4649,4404,3643,4238,4760,4477,3989,4645,5126,5025,4003,3616
16,  Secondary income (current transfer) payments /1/,958,1172,896,1035,991,1211,914,1012,1115,1278,897,987,1110,1392,931,960,1019,1285,933,1003,1043,1506,1010,1025,1149,1577,1072,1158,1319,1505,1306,1164,1246,1387,1436,1560,1169,1671,1311,1584,1371,1606,1607,1572,1719,1825,1762,2096,2258,2030,2330,1926,1482,1988,1785,1659,3375,2538,1738,1597,1970,2417,1173,1516,1098,1189,2216,1183,1271,1422,1348,1186,1394,1480,1375,1539,1398,1461,1744,1990,2149,1638,1882,2680,2712,2713,3062,3215,3958,3765,3990,4832,3563,3727,4180,5841,4370,4262,5034,6668,5120,5015,5675,6189,5254,6060,6344,6473,5214,5265,5607,7179,6064,5369,5768,8073,6115,5418,6501,8135,6643,7331,7213,5467,-14721,-4025,2942,5900,7245,7956,9403,12031,8271,8854,9675,13011,8614,8444,9798,13409,9610,8762,9507,10195,11314,8924,9793,12986,10267,9844,10572,14379,12266,11976,12837,16108,17871,18720,18362,20208,19242,20310,20931,23925,23067,23937,25042,26317,26582,25428,25993,27965,28027,29264,29373,30667,32867,32068,32053,34792,36580,33779,35606,36266,32910,35492,35645,35348,40150,37341,40005,42596,44774,43937,45149,46879,45162,47028,48166,45297,46827,46842,48724,48356,52517,50680,50801,50866,49470,50092,51515,51121,50948,51977,54791,53789,53998,55715,56941,58231,56933,56740,59635,59668,61799,60481,63120,65017,63206,66736,70133,66290,62523,65867,67235,70318,69389,69813,71181,71306,71912,68591
 ,Capital account, , , , , , , , , , , , , , , , , , , , , , , , , , , , , , , , , , , , , , , , , , , , , , , , , , , , , , , , , , , , , , , , , , , , , , , , , , , , , , , , , , , , , , , , , , , , , , , , , , , , , , , , , , , , , , , , , , , , , , , , , , , , , , , , , , , , , , , , , , , , , , , , , , , , , , , , , , , , , , , , , , , , , , , , , , , , , , , , , , , , , , , , , , , , , , , , , , , , , , , , , , , , , , , , , , , , , , , , , , , , , , , , , , , , , , , , , , , , , , , , , , 
17,Capital transfer receipts and other credits,.....,.....,.....,.....,.....,.....,.....,.....,.....,.....,.....,.....,.....,.....,.....,.....,.....,.....,.....,.....,.....,.....,.....,.....,.....,.....,.....,.....,.....,.....,.....,.....,.....,.....,.....,.....,.....,.....,.....,.....,.....,.....,.....,.....,.....,.....,.....,.....,.....,.....,.....,.....,.....,.....,.....,.....,.....,.....,.....,.....,.....,.....,.....,.....,.....,.....,.....,.....,.....,.....,.....,.....,.....,.....,.....,.....,.....,.....,.....,.....,.....,.....,.....,.....,.....,.....,.....,.....,.....,.....,.....,.....,.....,.....,.....,.....,.....,.....,.....,.....,.....,.....,.....,.....,.....,.....,.....,.....,.....,.....,.....,.....,.....,.....,.....,.....,.....,.....,.....,0,0,0,0,0,0,0,0,0,0,0,1535,0,1,1,1,1,1,1,1,1,2,131,3,124,0,1,0,1,3,4,4,4,4,4,4,4,7,9,16,13,10,10,11,11,9,9,13202,12,13,14,15,16,19,20,26,23,17,16,3713,19,23,21,15404,25,1,2,4,3,4,494,3,1,(*),4,6174,2,1,1,3,2,(*),2,4,3,(*),1,6,6,4,3,7,7670,5,5,7,3,9,4,18,18,16,15,18,17,25,15,21,16,10,23,19161,6,7,8,534,2737,41,4,15,6,19,16
18,Capital transfer payments and other debits,.....,.....,.....,.....,.....,.....,.....,.....,.....,.....,.....,.....,.....,.....,.....,.....,.....,.....,.....,.....,.....,.....,.....,.....,.....,.....,.....,.....,.....,.....,.....,.....,.....,.....,.....,.....,.....,.....,.....,.....,.....,.....,.....,.....,.....,.....,.....,.....,.....,.....,.....,.....,.....,.....,.....,.....,.....,.....,.....,.....,.....,.....,.....,.....,.....,.....,.....,.....,.....,.....,.....,.....,.....,.....,.....,.....,.....,.....,.....,.....,.....,.....,.....,.....,.....,.....,.....,.....,.....,.....,.....,.....,.....,.....,.....,.....,.....,.....,.....,.....,.....,.....,.....,.....,.....,.....,.....,.....,.....,.....,.....,.....,.....,.....,.....,.....,.....,.....,.....,207,172,0,0,7049,1068,99,3960,2,13,63,6,5,624,14,70,12,9,866,229,10,10,12,447,12,3,2,2,2,19,92,117,44,6,1,17,1,286,367,353,5468,512,364,822,2561,99,136,352,477,2158,360,387,978,1930,2911,2434,1314,2900,1134,1912,2163,6157,1952,2420,3995,2517,1847,1432,1654,3078,822,933,1727,2865,900,1024,1564,952,2313,1363,1257,3169,1078,1175,1479,1695,4093,1539,1705,2051,1797,1531,1373,1676,1887,1469,1547,2371,1302,1238,1673,3015,1281,2202,1508,2260,1093,1373,1956,2126,2023,948,1709,1412,2919,989,2161,2584,852,850,2026,2990,1069
 ,Financial account, , , , , , , , , , , , , , , , , , , , , , , , , , , , , , , , , , , , , , , , , , , , , , , , , , , , , , , , , , , , , , , , , , , , , , , , , , , , , , , , , , , , , , , , , , , , , , , , , , , , , , , , , , , , , , , , , , , , , , , , , , , , , , , , , , , , , , , , , , , , , , , , , , , , , , , , , , , , , , , , , , , , , , , , , , , , , , , , , , , , , , , , , , , , , , , , , , , , , , , , , , , , , , , , , , , , , , , , , , , , , , , , , , , , , , , , , , , , , , , , , , 
19,Net U.S. acquisition of financial assets excluding financial derivatives (net increase in assets / financial outflow (+)),1096,1303,716,984,1338,1192,1685,1323,1298,1603,17,1256,1886,2733,607,2044,2009,2131,1985,3435,1450,1461,1156,1648,1294,2310,1291,2426,1304,2512,2699,3242,1408,2936,3156,3477,2509,4108,2995,1972,3584,2654,1573,1525,3585,3282,2987,2620,4912,2501,3211,3873,8009,4441,3030,7394,6142,10702,7631,10270,10875,9882,4980,13966,12667,12045,10448,16109,1437,12339,6258,14751,15399,5775,9455,30501,9502,15709,26687,14155,14564,24828,19060,28516,23501,24053,17398,49195,37993,49901,29187,25641,31087,6923,13702,22978,13899,33843,-12230,15228,7670,4246,6039,29109,16726,26423,30631,33472,-3573,29979,28054,29598,-3434,25793,53052,30336,56954,11550,60906,53498,-35179,42306,56333,40525,15248,1260,30667,28578,13703,22575,22153,26468,27663,49345,64597,57794,44076,47047,37359,60276,70560,120459,49917,122619,83664,72193,95574,173117,154539,99502,130303,117680,76865,140609,68378,100084,95696,189221,135222,106474,227139,113394,84124,163024,212379,98252,-29491,105173,92880,161786,7875,56635,96077,164741,11429,98857,376079,182993,190552,309037,132193,238597,214416,-22209,430838,243832,302966,346986,553802,581285,225296,203084,266966,-158757,-85193,-340609,-111137,-19016,323641,-62406,263037,171357,317157,207186,398543,10872,93897,-10756,-68007,-166158,304763,106339,223053,225958,34909,165832,199188,229955,353070,84489,360180,56488,-62335,-156974,51392,367219,45324,-128702,364622,334304,408525,80737,340571,-213461,117116,114746,104415,166780,147267,22289,848076,-141106
20,  Direct investment assets,679,664,698,899,783,630,692,549,542,800,747,762,960,934,643,946,790,1002,962,1005,1540,1327,961,1183,1024,1545,1197,1653,1383,892,1239,1292,1185,1361,1681,1067,1627,1928,1728,677,2230,2617,1755,988,2365,2411,2386,456,2766,1743,2192,1046,3800,2918,2075,2560,-850,2128,4460,3314,4109,4274,1495,4366,4033,2327,3301,2288,2057,4005,2677,3152,4889,3947,2468,4753,5918,7417,6675,5213,5849,2790,3538,7045,2422,5613,585,1004,4255,6077,4712,4353,2970,5808,6336,5730,7278,10138,6261,3093,4803,6332,4978,5128,8986,8848,2969,-1279,11035,10858,9037,8865,4418,4993,10906,1384,15316,11054,18035,6568,13080,9713,30521,6620,19066,3149,24147,2891,22901,16538,13810,5506,21154,26766,24777,10102,32890,16302,22727,18069,25114,17448,24378,43101,26992,19166,27123,29743,31354,31233,32133,26632,44271,46670,30337,53473,79571,56985,75794,35135,54467,58122,38895,34886,31561,38333,47694,28453,56189,58237,41932,22627,36420,53812,51273,53713,99384,87869,73083,113670,61821,57734,-2109,-64855,101935,55037,79728,47100,167491,106502,112730,137166,120827,114359,94963,13435,86845,95085,100960,29707,106822,79264,115129,48613,139404,153302,80081,63827,119775,97649,95237,64578,84028,145049,108076,55643,79942,94958,123610,89018,100443,102786,63234,35608,89142,121176,101084,-11588,133201,95543,139433,37198,-38371,-95107,81714,-99535,8072,123376,30620,26401,8153,42357
21,  Portfolio investment assets,266,166,111,120,135,246,124,257,196,308,87,378,522,536,100,-53,-20,206,-2,494,198,147,209,205,437,115,115,53,265,261,419,363,449,283,318,519,366,498,546,139,306,-80,517,333,408,368,346,-9,476,318,-203,28,-55,86,196,445,600,272,282,699,1931,985,938,2393,2467,1405,2751,2262,749,1784,2177,749,1115,1094,510,907,2312,1089,7170,1859,2450,4068,-1240,764,4352,5048,2229,4021,6953,307,132,5003,46,490,1921,-394,126,1141,-1311,3542,3310,-258,2846,-2890,4457,3813,1536,-822,-1744,1120,1781,6746,230,-1728,21,6066,3730,4633,10384,12419,-117,13725,9996,6953,8301,2976,15444,5332,2723,7072,20235,20654,23499,27339,50395,36684,9979,11796,10605,21708,15374,30351,53080,44701,38574,27343,45401,48861,25801,31607,57950,5678,27610,44056,-11139,71659,-578,70669,46942,23974,41619,28526,46849,42719,35356,44656,-9868,36775,14587,42115,-9506,32336,11012,42216,13261,66571,44589,53688,46656,47023,60613,61965,58471,86242,100461,109822,145027,138056,97818,173884,131122,-22018,26446,-6532,-139775,-164407,71200,138043,144273,22368,78773,-1863,49064,73645,115962,69344,-43647,-56295,2218,54810,131686,60047,152224,168818,14954,145302,102090,204484,128515,147587,221847,113617,-97440,-77613,-66569,146347,-33551,-9944,141588,154279,175975,97533,289989,-17704,83451,-20473,-40720,45025,20460,21806,115814,-29818
22,  Other investment assets,310,648,647,1036,791,-4,657,1285,987,332,64,506,436,1387,91,1146,1188,1226,1095,1785,555,56,28,531,257,718,62,715,683,940,666,1407,686,1157,585,816,471,1384,36,1005,662,1142,103,1244,963,1342,1632,2155,1580,380,1318,2849,4477,1448,736,4346,6146,7944,1887,6396,4508,4595,2214,7046,5390,6733,3988,11766,-1789,6526,1516,10807,9582,982,6592,25023,-2313,7525,15621,6434,2997,18472,15653,16428,12198,12487,14580,44432,25696,42385,23549,14335,27284,641,5974,16689,5838,21998,-17979,7483,-676,-2184,-1906,23723,3168,13778,26406,35705,-10908,21420,17268,17728,-6579,22567,34745,24811,33908,-16232,26491,31309,-51319,19239,17555,25861,-12472,-3851,-5047,21580,-12978,429,-9940,1850,-17973,-3938,-11120,10335,1148,22486,3862,22532,24754,69938,-29434,35008,18115,25161,30539,94198,101864,36426,39490,80846,4540,47938,47155,-27417,20771,62726,14437,48934,130499,28766,-1966,84009,145652,13920,-70876,39746,22494,59591,-25967,860,48728,68544,-53715,-19206,232663,42558,71242,149041,15091,118100,162818,-38799,228954,78412,79218,163245,288421,300926,-18611,87914,119417,-267851,-40559,-192762,-270164,-255775,29388,-113102,76668,93790,151867,85128,139558,-218041,53384,-20201,-191232,-321906,77007,-17391,-14074,-87718,-87119,-32331,18113,-70261,101833,-149605,42049,-159038,-27863,-113979,30010,99506,-23851,-108620,90074,84331,93177,-52455,88959,-103719,-47872,232649,136855,-3980,94305,-26128,724354,-158606
23,  Reserve assets,-159,-175,-740,-1071,-371,320,212,-768,-427,163,-881,-390,-32,-124,-227,5,51,-303,-70,151,-843,-69,-42,-271,-424,-68,-83,5,-1027,419,375,180,-912,135,572,1075,45,298,685,151,386,-1025,-802,-1040,-151,-839,-1377,18,90,60,-96,-50,-213,-11,23,43,246,358,1002,-139,327,28,333,161,777,1580,408,-207,420,24,-112,43,-187,-248,-115,-182,3585,-322,-2779,649,3268,-502,1109,4279,4529,905,4,-262,1089,1132,794,1950,787,-16,-529,953,657,566,799,1110,233,356,121,3148,115,-16,-280,-132,-1956,-3419,-32,-3741,-1503,-39,7380,-1925,4000,12095,5996,3202,3177,-371,-1739,1091,353,-1014,-3877,-1225,1057,-1464,-1952,-1542,983,-822,545,673,59,-3537,165,-2033,5318,2722,1893,-191,-17,523,-7489,315,-4480,236,730,4524,444,1945,2025,2369,-4068,-1159,-1951,-1569,554,-2020,346,1410,-190,1343,3559,199,-390,1843,1416,812,-83,170,611,-2221,-557,-1122,-429,-697,-5331,797,-4765,-4796,-513,560,-1006,-1415,72,-26,54,22,276,1267,179,3126,982,3632,49021,-1379,773,165,1096,-200,3619,6267,4079,1912,1233,3289,833,-895,875,-191,-1001,-2782,-956,773,-889,-2511,-4159,-877,-266,-990,-1191,189,1642,1450,-241,150,-61,-1539,-7,3068,-177,2105,208,2359,1882,210,-245,4960
24,Net U.S. incurrence of liabilities excluding financial derivatives (net increase in liabilities / financial inflow (+)),738,889,557,110,207,585,1163,750,412,581,37,882,794,1372,583,468,15,477,1214,1937,-213,-281,844,391,25,1228,1043,1365,195,2021,2546,2617,1072,2639,3122,3095,3103,4587,4074,938,2574,1767,2135,750,3175,5913,9194,5405,4858,4730,6859,5724,10743,3056,2167,2422,6444,9897,9310,9577,2700,4307,2934,6929,7710,8425,9062,12643,2968,14672,14585,20545,18460,1412,17390,29013,3472,7378,25063,4780,10180,10994,14599,26263,10303,14907,17211,43263,27408,41203,23231,18055,17157,19300,21353,37905,27384,49751,10122,39156,18942,30266,37856,59480,39312,53543,67735,63264,45542,59114,82669,64538,29441,73972,54616,85979,67005,11682,80633,70982,-22301,44879,74690,64841,10929,12857,46263,49537,31154,54934,42720,50034,29461,61405,96033,91708,90896,56717,85621,79761,99787,123112,117948,105546,84211,103463,146930,224423,170974,144706,176601,228718,77680,154979,84206,136036,114552,255265,166439,228959,258248,252723,243575,311529,322347,216942,27827,221229,178588,251969,167520,223767,251674,226172,141477,292336,478580,345753,293332,483216,235906,325453,431330,284367,584071,431879,532998,571531,788716,738059,298567,364744,473022,751,95977,-107342,-109333,-12262,347094,100145,320671,187676,560657,322038,597879,130344,252468,2830,189067,-122269,298458,266778,256177,249697,173580,372614,305656,300203,374010,129574,430145,185302,-35708,-76271,134940,363424,256364,-48035,412197,450534,507876,175674,446019,-132234,117795,326711,157685,319034,241764,79477,953794,-3334
25,  Direct investment liabilities,88,104,103,20,68,88,67,88,90,133,68,55,42,114,115,-40,88,114,65,55,186,-9,158,79,146,144,-24,160,170,186,135,207,365,144,154,145,356,279,267,361,582,224,364,294,196,140,-293,325,-136,373,309,402,631,835,539,795,1784,539,1610,828,278,870,86,1369,1472,1086,999,790,980,965,1023,760,1355,2313,2620,1608,1553,3353,3382,3588,3321,5756,4713,3128,3146,5294,5505,11251,2765,9153,7813,7744,2541,6538,5306,4303,9462,15961,7395,2014,6072,5740,4893,5352,1845,5784,5992,17325,16758,10686,20641,15147,6341,13502,16066,21001,19569,16436,18627,21169,16950,17784,20382,16131,7415,14220,12334,566,3027,11117,10687,5484,12990,14192,22754,275,7291,6205,18091,24355,12869,13615,19213,23370,28394,19037,18918,31295,27353,27634,27857,39306,19074,20831,32503,138744,34994,148813,61137,67505,67560,97828,78490,105247,50725,69413,17384,34974,29848,27838,21114,32255,47933,2981,10727,55465,45096,46780,53297,68469,40595,11568,43942,46240,82781,89838,63053,62792,111808,85879,114976,33952,105321,87251,86597,61922,7116,55788,66424,31754,45268,37740,109888,71143,74215,79214,63582,46488,48096,94984,44902,62361,36556,102489,79283,69804,-69815,83087,116314,122270,244497,120575,71368,74996,139020,178717,142690,13960,99109,95425,107474,64987,65303,12392,140712,43073,116938,101268,80919,52504,53688,-7066
26,  Portfolio investment liabilities,197,27,138,211,88,-195,589,227,133,451,627,267,133,686,169,-35,-681,-114,519,477,-726,-496,-6,598,-694,-37,-253,7,517,356,1013,1258,-19,-192,1698,2293,-19,-255,2330,-1337,2078,2077,3456,4099,5534,7363,10555,5383,4098,1074,6092,1859,10373,-2174,-594,-2815,-278,3269,-88,2597,7263,1288,564,3646,4208,2713,4940,4304,7383,5935,9641,14656,14716,-3080,2889,15558,-4543,-12384,8320,-4895,1918,4433,6054,11420,10179,2859,-3018,7489,994,3900,8509,6292,6264,6343,37,5738,2934,7090,6851,21820,3945,18629,19540,25890,25488,40202,25807,13000,26619,26289,10441,16282,35413,21318,6121,23934,27200,3097,36444,8111,-7965,6756,9213,17763,10687,24986,14182,22707,20513,33150,8371,30165,26548,30525,42512,74802,36721,20700,26129,48299,54886,73417,84572,41556,80304,60054,97177,154572,81647,85502,107999,35957,72430,74948,-2271,80771,34340,48964,111701,83692,134402,70703,108863,127998,121347,97661,69079,143405,105962,159177,118453,120563,98883,192011,82599,176670,220812,223468,162890,260169,185008,160648,215051,271331,246292,264826,304112,311505,376689,393364,73339,313221,234853,222919,25970,39941,95940,71704,72049,117659,187308,131528,328881,172716,149211,105650,77147,-20383,249786,7887,222636,266708,150986,-8446,200041,169406,248795,92657,230481,125673,107435,243152,-146760,10083,-52859,4754,217765,61605,160102,259549,294391,76754,301122,-18368,12157,8164,-18569,146049,105660,-53160,-20547,338957
27,  Other investment liabilities,453,758,316,-121,51,692,507,435,189,-3,-658,560,619,572,299,543,608,477,630,1405,327,224,692,-286,573,1121,1320,1198,-492,1479,1398,1152,726,2687,1270,657,2766,4563,1477,1914,-86,-534,-1685,-3643,-2555,-1590,-1068,-303,896,3283,458,3463,-261,4395,2222,4442,4938,6089,7788,6152,-4841,2149,2284,1914,2030,4626,3123,7549,-5395,7772,3921,5129,2389,2179,11881,11847,6462,16409,13361,6087,4941,805,3832,11715,-3022,6754,14724,24523,23649,28150,6909,4019,8352,6419,16010,27864,14988,26700,-4124,15322,8925,5897,13423,28238,11979,7557,35936,32939,2165,22139,51587,33109,-12313,39152,32429,41044,20236,-7851,25562,41702,-31286,20339,45095,30947,-7173,-26349,19747,26264,7614,10667,23662,14385,-10077,16688,30767,16631,46884,29812,41401,7107,32032,36080,14163,40620,-24487,24372,30835,38556,61974,31570,40745,153455,-13824,59200,53974,-83479,45218,57488,-6399,77762,56286,84192,56222,78284,150275,49868,-58636,42850,42778,64954,27953,70949,104857,31180,48151,60202,212671,75505,77145,154578,10303,153238,172337,-33204,254998,77215,165833,197234,300219,258817,110252,17571,132848,-309419,-16590,-209205,-212388,-139753,208621,-49268,88095,18408,121888,78179,374453,-54520,111740,-23276,-108816,-225140,30920,-62291,68636,155653,-105744,133403,126676,124458,27214,-118369,78214,-178425,39685,-161350,48779,179952,-104091,-123600,152986,95560,106011,33933,79595,-126259,-35075,275474,59315,71717,55185,80133,920653,-335225
28,"Financial derivatives other than reserves, net transactions /2/",n.a.,n.a.,n.a.,n.a.,n.a.,n.a.,n.a.,n.a.,n.a.,n.a.,n.a.,n.a.,n.a.,n.a.,n.a.,n.a.,n.a.,n.a.,n.a.,n.a.,n.a.,n.a.,n.a.,n.a.,n.a.,n.a.,n.a.,n.a.,n.a.,n.a.,n.a.,n.a.,n.a.,n.a.,n.a.,n.a.,n.a.,n.a.,n.a.,n.a.,n.a.,n.a.,n.a.,n.a.,n.a.,n.a.,n.a.,n.a.,n.a.,n.a.,n.a.,n.a.,n.a.,n.a.,n.a.,n.a.,n.a.,n.a.,n.a.,n.a.,n.a.,n.a.,n.a.,n.a.,n.a.,n.a.,n.a.,n.a.,n.a.,n.a.,n.a.,n.a.,n.a.,n.a.,n.a.,n.a.,n.a.,n.a.,n.a.,n.a.,n.a.,n.a.,n.a.,n.a.,n.a.,n.a.,n.a.,n.a.,n.a.,n.a.,n.a.,n.a.,n.a.,n.a.,n.a.,n.a.,n.a.,n.a.,n.a.,n.a.,n.a.,n.a.,n.a.,n.a.,n.a.,n.a.,n.a.,n.a.,n.a.,n.a.,n.a.,n.a.,n.a.,n.a.,n.a.,n.a.,n.a.,n.a.,n.a.,n.a.,n.a.,n.a.,n.a.,n.a.,n.a.,n.a.,n.a.,n.a.,n.a.,n.a.,n.a.,n.a.,n.a.,n.a.,n.a.,n.a.,n.a.,n.a.,n.a.,n.a.,n.a.,n.a.,n.a.,n.a.,n.a.,n.a.,n.a.,n.a.,n.a.,n.a.,n.a.,n.a.,n.a.,n.a.,n.a.,n.a.,n.a.,n.a.,n.a.,n.a.,n.a.,n.a.,n.a.,n.a.,n.a.,n.a.,n.a.,n.a.,n.a.,n.a.,n.a.,n.a.,n.a.,n.a.,n.a.,n.a.,n.a.,n.a.,n.a.,n.a.,n.a.,n.a.,n.a.,n.a.,-1633,-14090,-15134,1147,-14795,1007,-5942,13508,7966,2355,4886,17740,-7146,-7561,-10645,-19464,-16152,-9980,11893,163,-2952,-9806,1617,-23865,7339,-2419,5129,-2985,-3948,-3302,6569,2903,6105,-4423,-24304,-31713,-40197,1701,722,10739,10782,608,3437,-7000,-5609,9306,18600,1701,29139,-15723,-11505,-22315,-21383,-9642,-6382,-933,-21611,60256
 ,Statistical discrepancy, , , , , , , , , , , , , , , , , , , , , , , , , , , , , , , , , , , , , , , , , , , , , , , , , , , , , , , , , , , , , , , , , , , , , , , , , , , , , , , , , , , , , , , , , , , , , , , , , , , , , , , , , , , , , , , , , , , , , , , , , , , , , , , , , , , , , , , , , , , , , , , , , , , , , , , , , , , , , , , , , , , , , , , , , , , , , , , , , , , , , , , , , , , , , , , , , , , , , , , , , , , , , , , , , , , , , , , , , , , , , , , , , , , , , , , , , , , , , , , , , , 
29,Statistical discrepancy /3/,-43,-216,-197,-563,-151,-403,162,-597,145,-152,-428,-688,68,35,-299,-165,-39,13,-257,-624,315,63,-405,-430,217,163,383,-134,117,-315,222,-229,-57,-222,655,62,-962,-465,-366,276,75,-224,-156,86,-769,-2331,-4658,-2021,1185,-573,-1015,-1476,-3572,558,-167,527,-2511,227,841,-1001,3621,14,157,925,2192,1158,3838,1946,945,-204,-3071,-1321,2818,7753,-1361,787,4700,8292,4550,8105,5994,14032,4249,-1661,10344,7681,1821,3587,9125,5343,12737,11157,14089,-4183,8736,-976,3757,8480,5285,1151,8434,3679,3415,3149,7405,9579,4605,8981,-14902,11319,-9974,6408,-5587,-18946,31221,-23796,11676,23684,9575,7364,3188,15199,10834,-1155,-12355,-15796,-51,-13399,-18560,-22100,302,-3418,5927,7780,-2940,-4454,-29673,18749,-8609,18019,-6596,29258,-32409,40698,17067,-905,-5618,-20250,9212,-15781,-2195,-69231,33069,37380,53989,23668,33835,2004,55824,-37227,53975,-42873,-43679,-39681,-13419,-23439,43788,-27050,6883,24483,-31553,-42547,-30273,69852,15558,-64905,26146,-5296,69572,7592,57597,97170,-26566,-93978,31361,6596,-8664,-30775,-62700,36905,112841,22719,-34820,24022,21451,-61012,75677,75624,78460,-83534,16213,88820,-97132,-15382,-100478,-2559,-27078,68465,-151509,72267,130796,-82402,37370,67025,-27272,-133804,-26646,18532,62968,22425,-22583,-22926,99302,28358,21026,106823,-92851,2839,19442,2040,-260,-2443,3870,5582,127428,-102716,34104,-29061,40198,45680,-26420,95337
29a,  Of which: Seasonal adjustment discrepancy,.....,.....,.....,.....,.....,.....,.....,.....,.....,.....,.....,.....,.....,.....,.....,.....,.....,.....,.....,.....,.....,.....,.....,.....,.....,.....,.....,.....,.....,.....,.....,.....,.....,.....,.....,.....,.....,.....,.....,.....,.....,.....,.....,.....,.....,.....,.....,.....,.....,.....,.....,.....,.....,.....,.....,.....,.....,.....,.....,.....,.....,.....,.....,.....,.....,.....,.....,.....,.....,.....,.....,.....,.....,.....,.....,.....,.....,.....,.....,.....,.....,.....,.....,.....,.....,.....,.....,.....,.....,.....,.....,.....,.....,.....,.....,.....,.....,.....,.....,.....,.....,.....,.....,.....,.....,.....,.....,.....,.....,.....,.....,.....,.....,.....,.....,.....,.....,.....,.....,.....,.....,.....,.....,.....,.....,.....,.....,.....,.....,.....,.....,.....,.....,.....,.....,.....,.....,.....,.....,.....,.....,.....,.....,.....,.....,.....,.....,.....,.....,.....,.....,.....,.....,.....,.....,.....,.....,.....,.....,.....,.....,.....,.....,.....,.....,.....,.....,.....,.....,.....,.....,.....,.....,.....,.....,.....,.....,.....,.....,.....,.....,.....,.....,.....,.....,.....,.....,.....,.....,.....,.....,.....,.....,.....,.....,.....,.....,.....,.....,.....,.....,.....,.....,.....,.....,.....,.....,.....,.....,.....,.....,.....,.....,.....,.....,.....,.....,.....,.....,.....,.....,.....,.....,.....,.....,.....,.....,.....,.....,.....,.....,.....,.....,.....,.....,.....,.....,.....,.....,.....,.....,.....
 ,Balances, , , , , , , , , , , , , , , , , , , , , , , , , , , , , , , , , , , , , , , , , , , , , , , , , , , , , , , , , , , , , , , , , , , , , , , , , , , , , , , , , , , , , , , , , , , , , , , , , , , , , , , , , , , , , , , , , , , , , , , , , , , , , , , , , , , , , , , , , , , , , , , , , , , , , , , , , , , , , , , , , , , , , , , , , , , , , , , , , , , , , , , , , , , , , , , , , , , , , , , , , , , , , , , , , , , , , , , , , , , , , , , , , , , , , , , , , , , , , , , , , , 
30,Balance on current account (line 1 less line 9) /4/,401,630,357,1437,1282,1010,359,1170,741,1174,409,1063,1024,1326,323,1741,2033,1641,1027,2122,1347,1679,717,1687,1051,919,-134,1195,992,806,-69,855,393,519,-621,320,368,-14,-713,758,935,1112,-405,689,1179,-300,-1549,-763,-1131,-1656,-2634,-375,838,828,1029,4445,2209,578,-2520,1694,4554,5562,1889,6112,2765,2462,-2452,1521,-2476,-2130,-5256,-4474,-5879,-3390,-6575,701,1331,39,-2925,1270,-1611,-198,212,3915,2853,1465,-1635,2346,1459,3356,-6782,-3570,-157,-8195,-16387,-13952,-17241,-24389,-27635,-25079,-19705,-29699,-35232,-33519,-29992,-36700,-41710,-38774,-34214,-40453,-44641,-41347,-27289,-29233,-32784,-31847,-21729,-23816,-29301,-24641,-15895,-17772,-29191,-16111,17741,4298,-11584,-7558,1123,-10195,-22397,-20144,-7102,-19826,-28428,-29449,-17137,-27553,-39426,-37496,-22623,-32028,-35180,-23736,-17611,-30362,-45735,-31056,-25632,-29336,-43991,-41767,-33882,-51754,-69804,-59622,-52413,-67691,-86705,-79803,-84582,-96101,-114961,-106274,-96459,-95126,-113956,-88542,-90446,-114319,-127721,-123624,-123413,-128393,-143198,-127285,-125763,-156346,-174152,-179628,-155177,-182096,-203332,-208627,-183712,-206888,-235074,-190972,-183935,-192345,-191124,-169146,-160406,-180278,-202885,-152953,-83677,-87628,-111198,-97226,-86832,-114042,-133304,-97832,-100116,-122626,-128343,-104217,-96178,-116782,-117836,-87319,-72772,-92183,-103367,-68531,-71355,-91905,-106991,-97568,-84581,-102920,-123022,-96832,-91557,-101342,-113400,-88567,-70510,-106966,-98704,-89090,-78774,-99621,-139158,-132141,-106215,-131987,-140242,-101782,-97938,-171801
31,  Balance on goods and services (line 2 less line 10),589,986,418,1515,1347,1316,357,1174,932,1406,267,766,1009,1607,138,1456,1793,1675,695,1859,1051,1751,426,1436,992,1218,-267,996,1072,1052,-112,592,259,414,-677,254,13,109,-812,780,800,1072,-347,730,1141,-434,-1475,-533,-833,-1677,-2146,-787,-235,-98,-102,2335,1329,-1093,-4145,-384,3618,5076,326,3383,215,-462,-4001,-1834,-5881,-5450,-8190,-7726,-9689,-6543,-9170,-4361,-3652,-5752,-9002,-6160,-9430,-4386,-3832,-1759,-2584,-3911,-5581,-4096,-3372,-2367,-10761,-7656,-4919,-13289,-20873,-18686,-21948,-28835,-30897,-27394,-21193,-31287,-34645,-34754,-30402,-33957,-38680,-35500,-32148,-38678,-41701,-39156,-26980,-28396,-29787,-29403,-20627,-22468,-26342,-23705,-15919,-16560,-25841,-22545,-5642,-4591,-12122,-8781,1383,-8221,-17750,-14624,-7068,-16891,-25543,-20809,-14569,-23289,-32574,-28061,-19707,-29580,-27627,-19470,-14710,-26329,-39546,-23480,-19739,-24335,-36009,-28190,-25709,-41766,-55710,-42955,-44741,-60239,-79073,-71756,-78653,-87791,-105364,-97878,-87499,-86209,-98095,-88571,-81613,-102240,-118660,-118153,-113185,-121934,-135347,-125777,-124524,-149391,-168818,-168105,-151972,-172876,-196692,-195002,-176436,-193415,-215837,-177844,-162942,-179540,-190310,-178205,-164909,-188913,-212900,-145628,-84225,-85753,-117771,-107021,-102780,-134212,-150726,-115369,-118793,-145802,-154837,-135089,-125180,-141532,-144940,-114254,-98048,-118342,-131361,-99078,-101911,-127915,-136339,-117978,-108109,-124097,-138606,-120450,-109522,-121425,-131225,-118997,-111853,-133944,-137267,-130727,-122695,-134351,-165187,-157704,-126108,-156520,-167620,-126617,-113969,-166595
32,    Balance on goods (line 3 less line 11),828,1191,1176,1697,1653,1502,1028,1388,1105,1417,980,1019,1071,1528,945,1680,1840,1759,1308,1894,1037,1599,888,1427,1178,1131,465,1043,1024,1380,774,622,256,442,-161,98,113,123,-229,600,773,1115,305,410,560,-634,-990,-1196,-1442,-1569,-2090,-1315,-568,12,-58,1525,654,-1281,-3812,-1066,2296,3727,426,2454,-872,-997,-4550,-3064,-7123,-6191,-8815,-8962,-11196,-7342,-9650,-5739,-5055,-6230,-9142,-7141,-10488,-5469,-5648,-3895,-5546,-6248,-8752,-7477,-7401,-4747,-13457,-10880,-9219,-15016,-22252,-20615,-24545,-28922,-30329,-28696,-23241,-30032,-33033,-35867,-33077,-34657,-38794,-38553,-35941,-39565,-42786,-41265,-30436,-30318,-32753,-33452,-27218,-26856,-32379,-31296,-24019,-22255,-32827,-31936,-15004,-14065,-25089,-22779,-14005,-21051,-32638,-29203,-24033,-30632,-41930,-35856,-31375,-38023,-50062,-46371,-38620,-45256,-49287,-41007,-36079,-45431,-59979,-49511,-42785,-44932,-59230,-51481,-48190,-60216,-74986,-64829,-64546,-78445,-99775,-94301,-98067,-106480,-122979,-119257,-105010,-101196,-112854,-103309,-94783,-115201,-131991,-133270,-123997,-132070,-144581,-140996,-138599,-161704,-178850,-185612,-168933,-186622,-210488,-216762,-192606,-209698,-231447,-203538,-186083,-202454,-216362,-216298,-194721,-219771,-240710,-177290,-107858,-111736,-145937,-144164,-133980,-165995,-186771,-161926,-161396,-189474,-203399,-186730,-173842,-191030,-197751,-178496,-156941,-177554,-197057,-168986,-162582,-193361,-205347,-188627,-173730,-190161,-207381,-190596,-169161,-186330,-202338,-191972,-178195,-201632,-207679,-211836,-197255,-205299,-239316,-238430,-192698,-224505,-238221,-208907,-175705,-219913
33,    Balance on services (line 4 less line 12),-239,-205,-758,-183,-306,-186,-671,-214,-173,-11,-714,-253,-62,79,-807,-224,-47,-84,-614,-35,14,152,-462,9,-186,87,-732,-47,48,-328,-886,-30,3,-28,-516,156,-100,-14,-583,180,27,-43,-652,320,581,200,-485,663,609,-108,-56,528,333,-110,-44,810,675,188,-333,682,1322,1349,-100,929,1087,535,550,1230,1242,741,626,1236,1507,799,480,1378,1403,479,140,981,1058,1083,1816,2136,2962,2337,3171,3381,4030,2380,2696,3224,4300,1727,1379,1929,2597,87,-568,1302,2048,-1255,-1612,1113,2675,701,114,3053,3793,887,1085,2109,3456,1922,2967,4049,6591,4388,6037,7591,8101,5695,6986,9391,9362,9475,12967,13998,15388,12830,14888,14579,16966,13741,16387,15047,16806,14734,17488,18310,18913,15676,21660,21537,21369,19102,20433,26031,23046,20597,23221,23291,22481,18450,19276,21874,19806,18206,20702,22545,19413,18688,17615,21379,17511,14988,14759,14738,13170,12961,13331,15117,10812,10136,9234,15219,14075,12313,10033,17507,16961,13746,13795,21760,16170,16282,15610,25695,23141,22914,26053,38092,29812,30858,27810,31662,23633,25982,28165,37142,31199,31784,36045,46557,42602,43672,48562,51641,48662,49497,52811,64242,58893,59212,65695,69909,60671,65446,69008,70648,65621,66063,68776,70146,59639,64905,71114,72975,66342,67688,70412,81109,74561,70948,74129,80726,66590,67986,70601,82290,61737,53318
34,  Balance on primary income (line 5 less line 13),770,816,834,958,927,905,916,1007,923,1046,1040,1285,1124,1111,1115,1245,1258,1251,1266,1266,1339,1433,1300,1277,1207,1277,1205,1357,1239,1259,1350,1426,1381,1492,1492,1625,1523,1549,1409,1563,1507,1646,1550,1531,1758,1958,1688,1866,1959,2051,1843,2339,2555,2913,2916,3769,4255,4209,3363,3676,2905,2902,2735,4244,3647,4113,3764,4538,4676,4742,4281,4438,5203,4633,3970,6601,6381,7252,7821,9420,9967,5826,5925,8354,8148,8090,7008,9657,8789,9488,7969,8917,8324,8823,8665,10576,9077,8709,8296,8983,6609,6603,5088,7422,5664,3317,3314,3199,3149,3490,2667,4988,5755,4531,2770,5629,5013,4070,3542,7199,6667,6120,3862,11900,8663,4864,3479,7123,6986,5983,4758,6510,8238,5920,6789,4372,6046,4179,2947,3973,6693,6312,1954,5931,8413,4891,3603,5411,4373,4842,2590,802,4094,1988,-1257,-559,2420,2189,2064,3300,3932,3029,1950,5720,4305,4892,-1238,15285,5812,477,3167,8049,3739,6781,5516,13218,16836,10765,12134,6847,14332,10727,12807,6320,6906,4864,480,3725,3701,7888,20915,31853,30598,32323,34576,14522,23283,23499,34660,34097,41634,43509,43083,41685,47475,48729,51453,54774,52868,47910,49394,47752,45361,48384,51322,50453,50561,48249,54799,46694,47827,43501,43591,50457,45912,45902,46049,59157,62183,57644,66002,71964,71684,64027,55584,59879,54338,59047,61172,61787,52895,29307
35,  Balance on secondary income (line 8 less line 16),-958,-1172,-896,-1035,-991,-1211,-914,-1012,-1115,-1278,-897,-987,-1110,-1392,-931,-960,-1019,-1285,-933,-1003,-1043,-1506,-1010,-1025,-1149,-1577,-1072,-1158,-1319,-1505,-1306,-1164,-1246,-1387,-1436,-1560,-1169,-1671,-1311,-1584,-1371,-1606,-1607,-1572,-1719,-1825,-1762,-2096,-2258,-2030,-2330,-1926,-1482,-1988,-1785,-1659,-3375,-2538,-1738,-1597,-1970,-2417,-1173,-1516,-1098,-1189,-2216,-1183,-1271,-1422,-1348,-1186,-1394,-1480,-1375,-1539,-1398,-1461,-1744,-1990,-2149,-1638,-1882,-2680,-2712,-2713,-3062,-3215,-3958,-3765,-3990,-4832,-3563,-3727,-4180,-5841,-4370,-4262,-5034,-6668,-5120,-5015,-5675,-6189,-5254,-6060,-6344,-6473,-5214,-5265,-5607,-7179,-6064,-5369,-5768,-8073,-6115,-5418,-6501,-8135,-6643,-7331,-7213,-5467,14721,4025,-2942,-5900,-7245,-7956,-9403,-12031,-8271,-8854,-9675,-13011,-8614,-8444,-9798,-13409,-9610,-8762,-9507,-10195,-11314,-8924,-9793,-12986,-10267,-9844,-10572,-14379,-12266,-11976,-12837,-16108,-10093,-9641,-9695,-11347,-9861,-11339,-11547,-14116,-13265,-13809,-14622,-15256,-14645,-12556,-12228,-13520,-13967,-13240,-13367,-14725,-18075,-17720,-17469,-18370,-17537,-19947,-19446,-19946,-14182,-18336,-19716,-16853,-24694,-20693,-21730,-22794,-26095,-23689,-24561,-21847,-22735,-25373,-28087,-24301,-25685,-23339,-25662,-24147,-28798,-25553,-24959,-23902,-23867,-23159,-22290,-20817,-20085,-22225,-23328,-19907,-20005,-12238,-25451,-26283,-24299,-22324,-28007,-26839,-27947,-25818,-28224,-28727,-20840,-30666,-27439,-30327,-27764,-29297,-29554,-34316,-34445,-34515,-33794,-36952,-36864,-34513
36,Balance on capital account (line 17 less line 18) /4/,.....,.....,.....,.....,.....,.....,.....,.....,.....,.....,.....,.....,.....,.....,.....,.....,.....,.....,.....,.....,.....,.....,.....,.....,.....,.....,.....,.....,.....,.....,.....,.....,.....,.....,.....,.....,.....,.....,.....,.....,.....,.....,.....,.....,.....,.....,.....,.....,.....,.....,.....,.....,.....,.....,.....,.....,.....,.....,.....,.....,.....,.....,.....,.....,.....,.....,.....,.....,.....,.....,.....,.....,.....,.....,.....,.....,.....,.....,.....,.....,.....,.....,.....,.....,.....,.....,.....,.....,.....,.....,.....,.....,.....,.....,.....,.....,.....,.....,.....,.....,.....,.....,.....,.....,.....,.....,.....,.....,.....,.....,.....,.....,.....,.....,.....,.....,.....,.....,.....,-207,-172,0,0,-7049,-1068,-99,-3960,-2,-13,-62,1529,-5,-622,-13,-68,-11,-8,-866,-228,-10,-8,119,-444,112,-2,-2,-2,-2,-16,-88,-113,-39,-2,4,-13,4,-278,-358,-337,-5455,-502,-355,-811,-2550,-90,-126,12850,-465,-2146,-346,-371,-962,-1910,-2891,-2408,-1290,-2883,-1118,1801,-2143,-6133,-1931,12984,-3970,-2515,-1845,-1428,-1651,-3074,-327,-930,-1726,-2864,-896,5150,-1562,-951,-2311,-1359,-1255,-3168,-1076,-1171,-1476,-1695,-4093,-1534,-1699,-2047,-1794,-1525,6297,-1671,-1882,-1462,-1544,-2361,-1298,-1220,-1655,-2999,-1266,-2184,-1490,-2236,-1078,-1352,-1940,-2116,-1999,18213,-1703,-1406,-2912,-455,576,-2542,-848,-835,-2019,-2971,-1052
37,Net lending (+) or net borrowing (-) from current- and capital-account transactions (line 30 plus line 36) /5/,401,630,357,1437,1282,1010,359,1170,741,1174,409,1063,1024,1326,323,1741,2033,1641,1027,2122,1347,1679,717,1687,1051,919,-134,1195,992,806,-69,855,393,519,-621,320,368,-14,-713,758,935,1112,-405,689,1179,-300,-1549,-763,-1131,-1656,-2634,-375,838,828,1029,4445,2209,578,-2520,1694,4554,5562,1889,6112,2765,2462,-2452,1521,-2476,-2130,-5256,-4474,-5879,-3390,-6575,701,1331,39,-2925,1270,-1611,-198,212,3915,2853,1465,-1635,2346,1459,3356,-6782,-3570,-157,-8195,-16387,-13952,-17241,-24389,-27635,-25079,-19705,-29699,-35232,-33519,-29992,-36700,-41710,-38774,-34214,-40453,-44641,-41347,-27289,-29233,-32784,-31847,-21729,-23816,-29301,-24848,-16067,-17772,-29191,-23160,16673,4199,-15544,-7560,1110,-10257,-20868,-20149,-7724,-19839,-28496,-29460,-17145,-28419,-39654,-37506,-22631,-31909,-35624,-23624,-17613,-30364,-45737,-31058,-25648,-29424,-44104,-41806,-33884,-51750,-69817,-59618,-52691,-68049,-87041,-85258,-85084,-96456,-115772,-108824,-96549,-95252,-101106,-89007,-92591,-114665,-128092,-124586,-125323,-131284,-145606,-128575,-128647,-157464,-172352,-181771,-161310,-184027,-190348,-212598,-186228,-208732,-236502,-192623,-187009,-192672,-192054,-170871,-163271,-181174,-197735,-154515,-84628,-89939,-112558,-98481,-90000,-115118,-134475,-99307,-101810,-126719,-129877,-105916,-98225,-118575,-119361,-81022,-74442,-94065,-104829,-70075,-73717,-93203,-108212,-99223,-87580,-104186,-125206,-98322,-93792,-102420,-114752,-90507,-72626,-108965,-80491,-90793,-80180,-102533,-139613,-131565,-108757,-132834,-141077,-103801,-100909,-172854
38,Net lending (+) or net borrowing (-) from financial-account transactions (line 19 less line 24 plus line 28) /5/,358,414,159,874,1131,607,522,573,886,1022,-20,374,1092,1361,24,1576,1994,1654,771,1498,1663,1742,312,1257,1269,1082,248,1061,1109,491,153,625,336,297,34,382,-594,-479,-1079,1034,1010,887,-562,775,410,-2631,-6207,-2785,54,-2229,-3648,-1851,-2734,1385,863,4972,-302,805,-1679,693,8175,5575,2046,7037,4957,3620,1386,3466,-1531,-2333,-8327,-5794,-3061,4363,-7935,1488,6030,8331,1624,9375,4384,13834,4461,2253,13198,9146,187,5932,10585,8698,5956,7586,13930,-12377,-7651,-14927,-13485,-15908,-22352,-23928,-11272,-26020,-31817,-30371,-22586,-27120,-37104,-29792,-49115,-29135,-54615,-34940,-32875,-48179,-1564,-55643,-10051,-132,-19727,-17484,-12878,-2573,-18357,-24316,4319,-11597,-15596,-20959,-17451,-32359,-20567,-23566,-1798,-12060,-31436,-33914,-46820,-9670,-48262,-19485,-29227,-2653,-68031,17073,-547,-31270,-51356,-51306,-16435,-45204,-46298,-111038,-815,-14370,-15828,-35952,-18856,-66045,-31217,-122485,-31109,-139329,-159451,-148504,-109968,-118690,-57317,-116056,-85708,-90183,-159645,-167133,-155597,-61431,-130048,-193480,-102501,-162760,-102780,-174179,-103713,-86857,-216914,-306576,-154866,-202137,-245166,-223398,-249709,-155767,-79213,-148152,-198090,-157153,-176284,-215527,-8950,-14315,-34098,-182015,-73787,-26298,-231607,-114689,-202288,-129278,-156954,-37452,-249735,-46308,11435,-163424,-37072,-27041,-132102,-203879,-100363,-74671,-45244,-76798,-110163,-127113,-25905,-69964,-72766,4403,-207602,-87667,-53184,-106925,-80751,-93236,-76309,-96950,-12184,-234280,-74653,-161896,-100879,-58121,-127329,-77516
Legend / Footnotes:,,,,,,,,,,,,,,,,,,,,,,,,,,,,,,,,,,,,,,,,,,,,,,,,,,,,,,,,,,,,,,,,,,,,,,,,,,,,,,,,,,,,,,,,,,,,,,,,,,,,,,,,,,,,,,,,,,,,,,,,,,,,,,,,,,,,,,,,,,,,,,,,,,,,,,,,,,,,,,,,,,,,,,,,,,,,,,,,,,,,,,,,,,,,,,,,,,,,,,,,,,,,,,,,,,,,,,,,,,,,,,,,,,,,,,,,,,,,,,,,,,,
0 Transactions are possible but are zero for a given period.,,,,,,,,,,,,,,,,,,,,,,,,,,,,,,,,,,,,,,,,,,,,,,,,,,,,,,,,,,,,,,,,,,,,,,,,,,,,,,,,,,,,,,,,,,,,,,,,,,,,,,,,,,,,,,,,,,,,,,,,,,,,,,,,,,,,,,,,,,,,,,,,,,,,,,,,,,,,,,,,,,,,,,,,,,,,,,,,,,,,,,,,,,,,,,,,,,,,,,,,,,,,,,,,,,,,,,,,,,,,,,,,,,,,,,,,,,,,,,,,,,,
"(*) Transactions between zero and +/- $500,000.",,,,,,,,,,,,,,,,,,,,,,,,,,,,,,,,,,,,,,,,,,,,,,,,,,,,,,,,,,,,,,,,,,,,,,,,,,,,,,,,,,,,,,,,,,,,,,,,,,,,,,,,,,,,,,,,,,,,,,,,,,,,,,,,,,,,,,,,,,,,,,,,,,,,,,,,,,,,,,,,,,,,,,,,,,,,,,,,,,,,,,,,,,,,,,,,,,,,,,,,,,,,,,,,,,,,,,,,,,,,,,,,,,,,,,,,,,,,,,,,,,,
(D) Suppressed to avoid the disclosure of data of individual companies.,,,,,,,,,,,,,,,,,,,,,,,,,,,,,,,,,,,,,,,,,,,,,,,,,,,,,,,,,,,,,,,,,,,,,,,,,,,,,,,,,,,,,,,,,,,,,,,,,,,,,,,,,,,,,,,,,,,,,,,,,,,,,,,,,,,,,,,,,,,,,,,,,,,,,,,,,,,,,,,,,,,,,,,,,,,,,,,,,,,,,,,,,,,,,,,,,,,,,,,,,,,,,,,,,,,,,,,,,,,,,,,,,,,,,,,,,,,,,,,,,,,
"n.a. Transactions are possible, but data are not available.",,,,,,,,,,,,,,,,,,,,,,,,,,,,,,,,,,,,,,,,,,,,,,,,,,,,,,,,,,,,,,,,,,,,,,,,,,,,,,,,,,,,,,,,,,,,,,,,,,,,,,,,,,,,,,,,,,,,,,,,,,,,,,,,,,,,,,,,,,,,,,,,,,,,,,,,,,,,,,,,,,,,,,,,,,,,,,,,,,,,,,,,,,,,,,,,,,,,,,,,,,,,,,,,,,,,,,,,,,,,,,,,,,,,,,,,,,,,,,,,,,,
"..... Not applicable, or for data periods 1960-1997, transactions that are 0, not available, or not applicable.",,,,,,,,,,,,,,,,,,,,,,,,,,,,,,,,,,,,,,,,,,,,,,,,,,,,,,,,,,,,,,,,,,,,,,,,,,,,,,,,,,,,,,,,,,,,,,,,,,,,,,,,,,,,,,,,,,,,,,,,,,,,,,,,,,,,,,,,,,,,,,,,,,,,,,,,,,,,,,,,,,,,,,,,,,,,,,,,,,,,,,,,,,,,,,,,,,,,,,,,,,,,,,,,,,,,,,,,,,,,,,,,,,,,,,,,,,,,,,,,,,,
Quarterly estimates are not annualized and are expressed at quarterly rates.,,,,,,,,,,,,,,,,,,,,,,,,,,,,,,,,,,,,,,,,,,,,,,,,,,,,,,,,,,,,,,,,,,,,,,,,,,,,,,,,,,,,,,,,,,,,,,,,,,,,,,,,,,,,,,,,,,,,,,,,,,,,,,,,,,,,,,,,,,,,,,,,,,,,,,,,,,,,,,,,,,,,,,,,,,,,,,,,,,,,,,,,,,,,,,,,,,,,,,,,,,,,,,,,,,,,,,,,,,,,,,,,,,,,,,,,,,,,,,,,,,,
"1. Secondary income (current transfer) receipts and payments include U.S. government and private transfers, such as U.S. government grants and pensions, fines and penalties, withholding taxes, personal transfers (remittances), insurance-related transfers, and other current transfers.",,,,,,,,,,,,,,,,,,,,,,,,,,,,,,,,,,,,,,,,,,,,,,,,,,,,,,,,,,,,,,,,,,,,,,,,,,,,,,,,,,,,,,,,,,,,,,,,,,,,,,,,,,,,,,,,,,,,,,,,,,,,,,,,,,,,,,,,,,,,,,,,,,,,,,,,,,,,,,,,,,,,,,,,,,,,,,,,,,,,,,,,,,,,,,,,,,,,,,,,,,,,,,,,,,,,,,,,,,,,,,,,,,,,,,,,,,,,,,,,,,,
"2. Transactions for financial derivatives are only available as a net value equal to transactions for assets less transactions for liabilities.  A positive value represents net U.S. cash payments arising from derivatives contracts, and a negative value represents net U.S. cash receipts.",,,,,,,,,,,,,,,,,,,,,,,,,,,,,,,,,,,,,,,,,,,,,,,,,,,,,,,,,,,,,,,,,,,,,,,,,,,,,,,,,,,,,,,,,,,,,,,,,,,,,,,,,,,,,,,,,,,,,,,,,,,,,,,,,,,,,,,,,,,,,,,,,,,,,,,,,,,,,,,,,,,,,,,,,,,,,,,,,,,,,,,,,,,,,,,,,,,,,,,,,,,,,,,,,,,,,,,,,,,,,,,,,,,,,,,,,,,,,,,,,,,
"3. The statistical discrepancy, which can be calculated as line 38 less line 37, is the difference between total debits and total credits recorded in the current, capital, and financial accounts.  In the current and capital accounts, credits and debits are labeled in the table.  In the financial account, an acquisition of an asset or a repayment of a liability is a debit, and an incurrence of a liability or a disposal of an asset is a credit.",,,,,,,,,,,,,,,,,,,,,,,,,,,,,,,,,,,,,,,,,,,,,,,,,,,,,,,,,,,,,,,,,,,,,,,,,,,,,,,,,,,,,,,,,,,,,,,,,,,,,,,,,,,,,,,,,,,,,,,,,,,,,,,,,,,,,,,,,,,,,,,,,,,,,,,,,,,,,,,,,,,,,,,,,,,,,,,,,,,,,,,,,,,,,,,,,,,,,,,,,,,,,,,,,,,,,,,,,,,,,,,,,,,,,,,,,,,,,,,,,,,
"4. Current- and capital-account statistics in the international transactions accounts differ slightly from statistics in the national income and product accounts (NIPAs) because of adjustments made to convert the international transactions statistics to national economic accounting concepts.  A reconciliation between annual statistics in the two sets of accounts appears in NIPA <a href=""https://apps.bea.gov/iTable/iTable.cfm?reqid=19&amp;step=3&amp;isuri=1&amp;1921=survey&amp;1903=136"">table 4.3B</a>.",,,,,,,,,,,,,,,,,,,,,,,,,,,,,,,,,,,,,,,,,,,,,,,,,,,,,,,,,,,,,,,,,,,,,,,,,,,,,,,,,,,,,,,,,,,,,,,,,,,,,,,,,,,,,,,,,,,,,,,,,,,,,,,,,,,,,,,,,,,,,,,,,,,,,,,,,,,,,,,,,,,,,,,,,,,,,,,,,,,,,,,,,,,,,,,,,,,,,,,,,,,,,,,,,,,,,,,,,,,,,,,,,,,,,,,,,,,,,,,,,,,
"5. Net lending means that U.S. residents are net suppliers of funds to foreign residents, and net borrowing means the opposite.  Net lending or net borrowing can be computed from current- and capital-account transactions or from financial-account transactions.  The two amounts differ by the statistical discrepancy.",,,,,,,,,,,,,,,,,,,,,,,,,,,,,,,,,,,,,,,,,,,,,,,,,,,,,,,,,,,,,,,,,,,,,,,,,,,,,,,,,,,,,,,,,,,,,,,,,,,,,,,,,,,,,,,,,,,,,,,,,,,,,,,,,,,,,,,,,,,,,,,,,,,,,,,,,,,,,,,,,,,,,,,,,,,,,,,,,,,,,,,,,,,,,,,,,,,,,,,,,,,,,,,,,,,,,,,,,,,,,,,,,,,,,,,,,,,,,,,,,,,
