year,month,excessequity,excessequity3mo,log_e_eom,log_q_eom,cip_govt_3m_2020,diffy_3m_2020,log_ip_oecd_USD,diff_log_ip
1919,1,,,0,0,,,0,0
1919,2,,,0,0,,,0,0
1919,3,,,0,0,,,0,0
1919,4,,,0,0,,,0,0
1919,5,,,0,0,,,0,0
1919,6,,,0,0,,,0,0
1919,7,,,0,0,,,0,0
1919,8,,,0,0,,,0,0
1919,9,,,0,0,,,0,0
1919,10,,,0,0,,,0,0
1919,11,,,0,0,,,0,0
1919,12,,,0,0,,,0,0
1920,1,,,0,0,,,0,0
1920,2,,,0,0,,,0,0
1920,3,,,0,0,,,0,0
1920,4,,,0,0,,,0,0
1920,5,,,0,0,,,0,0
1920,6,,,0,0,,,0,0
1920,7,,,0,0,,,0,0
1920,8,,,0,0,,,0,0
1920,9,,,0,0,,,0,0
1920,10,,,0,0,,,0,0
1920,11,,,0,0,,,0,0
1920,12,,,0,0,,,0,0
1921,1,,,0,0,,,0,0
1921,2,,,0,0,,,0,0
1921,3,,,0,0,,,0,0
1921,4,,,0,0,,,0,0
1921,5,,,0,0,,,0,0
1921,6,,,0,0,,,0,0
1921,7,,,0,0,,,0,0
1921,8,,,0,0,,,0,0
1921,9,,,0,0,,,0,0
1921,10,,,0,0,,,0,0
1921,11,,,0,0,,,0,0
1921,12,,,0,0,,,0,0
1922,1,,,0,0,,,0,0
1922,2,,,0,0,,,0,0
1922,3,,,0,0,,,0,0
1922,4,,,0,0,,,0,0
1922,5,,,0,0,,,0,0
1922,6,,,0,0,,,0,0
1922,7,,,0,0,,,0,0
1922,8,,,0,0,,,0,0
1922,9,,,0,0,,,0,0
1922,10,,,0,0,,,0,0
1922,11,,,0,0,,,0,0
1922,12,,,0,0,,,0,0
1923,1,,,0,0,,,0,0
1923,2,,,0,0,,,0,0
1923,3,,,0,0,,,0,0
1923,4,,,0,0,,,0,0
1923,5,,,0,0,,,0,0
1923,6,,,0,0,,,0,0
1923,7,,,0,0,,,0,0
1923,8,,,0,0,,,0,0
1923,9,,,0,0,,,0,0
1923,10,,,0,0,,,0,0
1923,11,,,0,0,,,0,0
1923,12,,,0,0,,,0,0
1924,1,,,0,0,,,0,0
1924,2,,,0,0,,,0,0
1924,3,,,0,0,,,0,0
1924,4,,,0,0,,,0,0
1924,5,,,0,0,,,0,0
1924,6,,,0,0,,,0,0
1924,7,,,0,0,,,0,0
1924,8,,,0,0,,,0,0
1924,9,,,0,0,,,0,0
1924,10,,,0,0,,,0,0
1924,11,,,0,0,,,0,0
1924,12,,,0,0,,,0,0
1925,1,,,0,0,,,0,0
1925,2,,,0,0,,,0,0
1925,3,,,0,0,,,0,0
1925,4,,,0,0,,,0,0
1925,5,,,0,0,,,0,0
1925,6,,,0,0,,,0,0
1925,7,,,0,0,,,0,0
1925,8,,,0,0,,,0,0
1925,9,,,0,0,,,0,0
1925,10,,,0,0,,,0,0
1925,11,,,0,0,,,0,0
1925,12,,,0,0,,,0,0
1926,1,,,0,0,,,0,0
1926,2,,,0,0,,,0,0
1926,3,,,0,0,,,0,0
1926,4,,,0,0,,,0,0
1926,5,,,0,0,,,0,0
1926,6,,,0,0,,,0,0
1926,7,,,0,0,,,0,0
1926,8,,,0,0,,,0,0
1926,9,,,0,0,,,0,0
1926,10,,,0,0,,,0,0
1926,11,,,0,0,,,0,0
1926,12,,,0,0,,,0,0
1927,1,,,0,0,,,0,0
1927,2,,,0,0,,,0,0
1927,3,,,0,0,,,0,0
1927,4,,,0,0,,,0,0
1927,5,,,0,0,,,0,0
1927,6,,,0,0,,,0,0
1927,7,,,0,0,,,0,0
1927,8,,,0,0,,,0,0
1927,9,,,0,0,,,0,0
1927,10,,,0,0,,,0,0
1927,11,,,0,0,,,0,0
1927,12,,,0,0,,,0,0
1928,1,,,0,0,,,0,0
1928,2,,,0,0,,,0,0
1928,3,,,0,0,,,0,0
1928,4,,,0,0,,,0,0
1928,5,,,0,0,,,0,0
1928,6,,,0,0,,,0,0
1928,7,,,0,0,,,0,0
1928,8,,,0,0,,,0,0
1928,9,,,0,0,,,0,0
1928,10,,,0,0,,,0,0
1928,11,,,0,0,,,0,0
1928,12,,,0,0,,,0,0
1929,1,,,0,0,,,0,0
1929,2,,,0,0,,,0,0
1929,3,,,0,0,,,0,0
1929,4,,,0,0,,,0,0
1929,5,,,0,0,,,0,0
1929,6,,,0,0,,,0,0
1929,7,,,0,0,,,0,0
1929,8,,,0,0,,,0,0
1929,9,,,0,0,,,0,0
1929,10,,,0,0,,,0,0
1929,11,,,0,0,,,0,0
1929,12,,,0,0,,,0,0
1930,1,,,0,0,,,0,0
1930,2,,,0,0,,,0,0
1930,3,,,0,0,,,0,0
1930,4,,,0,0,,,0,0
1930,5,,,0,0,,,0,0
1930,6,,,0,0,,,0,0
1930,7,,,0,0,,,0,0
1930,8,,,0,0,,,0,0
1930,9,,,0,0,,,0,0
1930,10,,,0,0,,,0,0
1930,11,,,0,0,,,0,0
1930,12,,,0,0,,,0,0
1931,1,,,0,0,,,0,0
1931,2,,,0,0,,,0,0
1931,3,,,0,0,,,0,0
1931,4,,,0,0,,,0,0
1931,5,,,0,0,,,0,0
1931,6,,,0,0,,,0,0
1931,7,,,0,0,,,0,0
1931,8,,,0,0,,,0,0
1931,9,,,0,0,,,0,0
1931,10,,,0,0,,,0,0
1931,11,,,0,0,,,0,0
1931,12,,,0,0,,,0,0
1932,1,,,0,0,,,0,0
1932,2,,,0,0,,,0,0
1932,3,,,0,0,,,0,0
1932,4,,,0,0,,,0,0
1932,5,,,0,0,,,0,0
1932,6,,,0,0,,,0,0
1932,7,,,0,0,,,0,0
1932,8,,,0,0,,,0,0
1932,9,,,0,0,,,0,0
1932,10,,,0,0,,,0,0
1932,11,,,0,0,,,0,0
1932,12,,,0,0,,,0,0
1933,1,,,0,0,,,0,0
1933,2,,,0,0,,,0,0
1933,3,,,0,0,,,0,0
1933,4,,,0,0,,,0,0
1933,5,,,0,0,,,0,0
1933,6,,,0,0,,,0,0
1933,7,,,0,0,,,0,0
1933,8,,,0,0,,,0,0
1933,9,,,0,0,,,0,0
1933,10,,,0,0,,,0,0
1933,11,,,0,0,,,0,0
1933,12,,,0,0,,,0,0
1934,1,,,0,0,,,0,0
1934,2,,,0,0,,,0,0
1934,3,,,0,0,,,0,0
1934,4,,,0,0,,,0,0
1934,5,,,0,0,,,0,0
1934,6,,,0,0,,,0,0
1934,7,,,0,0,,,0,0
1934,8,,,0,0,,,0,0
1934,9,,,0,0,,,0,0
1934,10,,,0,0,,,0,0
1934,11,,,0,0,,,0,0
1934,12,,,0,0,,,0,0
1935,1,,,0,0,,,0,0
1935,2,,,0,0,,,0,0
1935,3,,,0,0,,,0,0
1935,4,,,0,0,,,0,0
1935,5,,,0,0,,,0,0
1935,6,,,0,0,,,0,0
1935,7,,,0,0,,,0,0
1935,8,,,0,0,,,0,0
1935,9,,,0,0,,,0,0
1935,10,,,0,0,,,0,0
1935,11,,,0,0,,,0,0
1935,12,,,0,0,,,0,0
1936,1,,,0,0,,,0,0
1936,2,,,0,0,,,0,0
1936,3,,,0,0,,,0,0
1936,4,,,0,0,,,0,0
1936,5,,,0,0,,,0,0
1936,6,,,0,0,,,0,0
1936,7,,,0,0,,,0,0
1936,8,,,0,0,,,0,0
1936,9,,,0,0,,,0,0
1936,10,,,0,0,,,0,0
1936,11,,,0,0,,,0,0
1936,12,,,0,0,,,0,0
1937,1,,,0,0,,,0,0
1937,2,,,0,0,,,0,0
1937,3,,,0,0,,,0,0
1937,4,,,0,0,,,0,0
1937,5,,,0,0,,,0,0
1937,6,,,0,0,,,0,0
1937,7,,,0,0,,,0,0
1937,8,,,0,0,,,0,0
1937,9,,,0,0,,,0,0
1937,10,,,0,0,,,0,0
1937,11,,,0,0,,,0,0
1937,12,,,0,0,,,0,0
1938,1,,,0,0,,,0,0
1938,2,,,0,0,,,0,0
1938,3,,,0,0,,,0,0
1938,4,,,0,0,,,0,0
1938,5,,,0,0,,,0,0
1938,6,,,0,0,,,0,0
1938,7,,,0,0,,,0,0
1938,8,,,0,0,,,0,0
1938,9,,,0,0,,,0,0
1938,10,,,0,0,,,0,0
1938,11,,,0,0,,,0,0
1938,12,,,0,0,,,0,0
1939,1,,,0,0,,,0,0
1939,2,,,0,0,,,0,0
1939,3,,,0,0,,,0,0
1939,4,,,0,0,,,0,0
1939,5,,,0,0,,,0,0
1939,6,,,0,0,,,0,0
1939,7,,,0,0,,,0,0
1939,8,,,0,0,,,0,0
1939,9,,,0,0,,,0,0
1939,10,,,0,0,,,0,0
1939,11,,,0,0,,,0,0
1939,12,,,0,0,,,0,0
1940,1,,,0,0,,,0,0
1940,2,,,0,0,,,0,0
1940,3,,,0,0,,,0,0
1940,4,,,0,0,,,0,0
1940,5,,,0,0,,,0,0
1940,6,,,0,0,,,0,0
1940,7,,,0,0,,,0,0
1940,8,,,0,0,,,0,0
1940,9,,,0,0,,,0,0
1940,10,,,0,0,,,0,0
1940,11,,,0,0,,,0,0
1940,12,,,0,0,,,0,0
1941,1,,,0,0,,,0,0
1941,2,,,0,0,,,0,0
1941,3,,,0,0,,,0,0
1941,4,,,0,0,,,0,0
1941,5,,,0,0,,,0,0
1941,6,,,0,0,,,0,0
1941,7,,,0,0,,,0,0
1941,8,,,0,0,,,0,0
1941,9,,,0,0,,,0,0
1941,10,,,0,0,,,0,0
1941,11,,,0,0,,,0,0
1941,12,,,0,0,,,0,0
1942,1,,,0,0,,,0,0
1942,2,,,0,0,,,0,0
1942,3,,,0,0,,,0,0
1942,4,,,0,0,,,0,0
1942,5,,,0,0,,,0,0
1942,6,,,0,0,,,0,0
1942,7,,,0,0,,,0,0
1942,8,,,0,0,,,0,0
1942,9,,,0,0,,,0,0
1942,10,,,0,0,,,0,0
1942,11,,,0,0,,,0,0
1942,12,,,0,0,,,0,0
1943,1,,,0,0,,,0,0
1943,2,,,0,0,,,0,0
1943,3,,,0,0,,,0,0
1943,4,,,0,0,,,0,0
1943,5,,,0,0,,,0,0
1943,6,,,0,0,,,0,0
1943,7,,,0,0,,,0,0
1943,8,,,0,0,,,0,0
1943,9,,,0,0,,,0,0
1943,10,,,0,0,,,0,0
1943,11,,,0,0,,,0,0
1943,12,,,0,0,,,0,0
1944,1,,,0,0,,,0,0
1944,2,,,0,0,,,0,0
1944,3,,,0,0,,,0,0
1944,4,,,0,0,,,0,0
1944,5,,,0,0,,,0,0
1944,6,,,0,0,,,0,0
1944,7,,,0,0,,,0,0
1944,8,,,0,0,,,0,0
1944,9,,,0,0,,,0,0
1944,10,,,0,0,,,0,0
1944,11,,,0,0,,,0,0
1944,12,,,0,0,,,0,0
1945,1,,,0,0,,,0,0
1945,2,,,0,0,,,0,0
1945,3,,,0,0,,,0,0
1945,4,,,0,0,,,0,0
1945,5,,,0,0,,,0,0
1945,6,,,0,0,,,0,0
1945,7,,,0,0,,,0,0
1945,8,,,0,0,,,0,0
1945,9,,,0,0,,,0,0
1945,10,,,0,0,,,0,0
1945,11,,,0,0,,,0,0
1945,12,,,0,0,,,0,0
1946,1,,,0,0,,,0,0
1946,2,,,0,0,,,0,0
1946,3,,,0,0,,,0,0
1946,4,,,0,0,,,0,0
1946,5,,,0,0,,,0,0
1946,6,,,0,0,,,0,0
1946,7,,,0,0,,,0,0
1946,8,,,0,0,,,0,0
1946,9,,,0,0,,,0,0
1946,10,,,0,0,,,0,0
1946,11,,,0,0,,,0,0
1946,12,,,0,0,,,0,0
1947,1,,,0,0,,,0,0
1947,2,,,0,0,,,0,0
1947,3,,,0,0,,,0,0
1947,4,,,0,0,,,0,0
1947,5,,,0,0,,,0,0
1947,6,,,0,0,,,0,0
1947,7,,,0,0,,,0,0
1947,8,,,0,0,,,0,0
1947,9,,,0,0,,,0,0
1947,10,,,0,0,,,0,0
1947,11,,,0,0,,,0,0
1947,12,,,0,0,,,0,0
1948,1,,,0,0,,,0,0
1948,2,,,0,0,,,0,0
1948,3,,,0,0,,,0,0
1948,4,,,0,0,,,0,0
1948,5,,,0,0,,,0,0
1948,6,,,0,0,,,0,0
1948,7,,,0,0,,,0,0
1948,8,,,0,0,,,0,0
1948,9,,,0,0,,,0,0
1948,10,,,0,0,,,0,0
1948,11,,,0,0,,,0,0
1948,12,,,0,0,,,0,0
1949,1,,,0,0,,,0,0
1949,2,,,0,0,,,0,0
1949,3,,,0,0,,,0,0
1949,4,,,0,0,,,0,0
1949,5,,,0,0,,,0,0
1949,6,,,0,0,,,0,0
1949,7,,,0,0,,,0,0
1949,8,,,0,0,,,0,0
1949,9,,,0,0,,,0,0
1949,10,,,0,0,,,0,0
1949,11,,,0,0,,,0,0
1949,12,,,0,0,,,0,0
1950,1,,,0,0,,,0,0
1950,2,,,0,0,,,0,0
1950,3,,,0,0,,,0,0
1950,4,,,0,0,,,0,0
1950,5,,,0,0,,,0,0
1950,6,,,0,0,,,0,0
1950,7,,,0,0,,,0,0
1950,8,,,0,0,,,0,0
1950,9,,,0,0,,,0,0
1950,10,,,0,0,,,0,0
1950,11,,,0,0,,,0,0
1950,12,,,0,0,,,0,0
1951,1,,,0,0,,,0,0
1951,2,,,0,0,,,0,0
1951,3,,,0,0,,,0,0
1951,4,,,0,0,,,0,0
1951,5,,,0,0,,,0,0
1951,6,,,0,0,,,0,0
1951,7,,,0,0,,,0,0
1951,8,,,0,0,,,0,0
1951,9,,,0,0,,,0,0
1951,10,,,0,0,,,0,0
1951,11,,,0,0,,,0,0
1951,12,,,0,0,,,0,0
1952,1,,,0,0,,,0,0
1952,2,,,0,0,,,0,0
1952,3,,,0,0,,,0,0
1952,4,,,0,0,,,0,0
1952,5,,,0,0,,,0,0
1952,6,,,0,0,,,0,0
1952,7,,,0,0,,,0,0
1952,8,,,0,0,,,0,0
1952,9,,,0,0,,,0,0
1952,10,,,0,0,,,0,0
1952,11,,,0,0,,,0,0
1952,12,,,0,0,,,0,0
1953,1,,,0,0,,,0,0
1953,2,,,0,0,,,0,0
1953,3,,,0,0,,,0,0
1953,4,,,0,0,,,0,0
1953,5,,,0,0,,,0,0
1953,6,,,0,0,,,0,0
1953,7,,,0,0,,,0,0
1953,8,,,0,0,,,0,0
1953,9,,,0,0,,,0,0
1953,10,,,0,0,,,0,0
1953,11,,,0,0,,,0,0
1953,12,,,0,0,,,0,0
1954,1,,,0,0,,,0,0
1954,2,,,0,0,,,0,0
1954,3,,,0,0,,,0,0
1954,4,,,0,0,,,0,0
1954,5,,,0,0,,,0,0
1954,6,,,0,0,,,0,0
1954,7,,,0,0,,,0,0
1954,8,,,0,0,,,0,0
1954,9,,,0,0,,,0,0
1954,10,,,0,0,,,0,0
1954,11,,,0,0,,,0,0
1954,12,,,0,0,,,0,0
1955,1,,,0,0,,,0,0
1955,2,,,0,0,,,0,0
1955,3,,,0,0,,,0,0
1955,4,,,0,0,,,0,0
1955,5,,,0,0,,,0,0
1955,6,,,0,0,,,0,0
1955,7,,,0,0,,,0,0
1955,8,,,0,0,,,0,0
1955,9,,,0,0,,,0,0
1955,10,,,0,0,,,0,0
1955,11,,,0,0,,,0,0
1955,12,,,0,0,,,0,0
1956,1,,,0,0,,,0,0
1956,2,,,0,0,,,0,0
1956,3,,,0,0,,,0,0
1956,4,,,0,0,,,0,0
1956,5,,,0,0,,,0,0
1956,6,,,0,0,,,0,0
1956,7,,,0,0,,,0,0
1956,8,,,0,0,,,0,0
1956,9,,,0,0,,,0,0
1956,10,,,0,0,,,0,0
1956,11,,,0,0,,,0,0
1956,12,,,0,0,,,0,0
1957,1,,,0,0,,,0,0
1957,2,,,0,0,,,0,0
1957,3,,,0,0,,,0,0
1957,4,,,0,0,,,0,0
1957,5,,,0,0,,,0,0
1957,6,,,0,0,,,0,0
1957,7,,,0,0,,,0,0
1957,8,,,0,0,,,0,0
1957,9,,,0,0,,,0,0
1957,10,,,0,0,,,0,0
1957,11,,,0,0,,,0,0
1957,12,,,0,0,,,0,0
1958,1,,,0,0,,,0,0
1958,2,,,0,0,,,0,0
1958,3,,,0,0,,,0,0
1958,4,,,0,0,,,0,0
1958,5,,,0,0,,,0,0
1958,6,,,0,0,,,0,0
1958,7,,,0,0,,,0,0
1958,8,,,0,0,,,0,0
1958,9,,,0,0,,,0,0
1958,10,,,0,0,,,0,0
1958,11,,,0,0,,,0,0
1958,12,,,0,0,,,0,0
1959,1,,,0,0,,,0,0
1959,2,,,0,0,,,0,0
1959,3,,,0,0,,,0,0
1959,4,,,0,0,,,0,0
1959,5,,,0,0,,,0,0
1959,6,,,0,0,,,0,0
1959,7,,,0,0,,,0,0
1959,8,,,0,0,,,0,0
1959,9,,,0,0,,,0,0
1959,10,,,0,0,,,0,0
1959,11,,,0,0,,,0,0
1959,12,,,0,0,,,0,0
1960,1,,,0,0,,,0,0
1960,2,,,0,0,,,0,0
1960,3,,,0,0,,,0,0
1960,4,,,0,0,,,0,0
1960,5,,,0,0,,,0,0
1960,6,,,0,0,,,0,0
1960,7,,,0,0,,,0,0
1960,8,,,0,0,,,0,0
1960,9,,,0,0,,,0,0
1960,10,,,0,0,,,0,0
1960,11,,,0,0,,,0,0
1960,12,,,0,0,,,0,0
1961,1,,,0,0,,,0,0
1961,2,,,0,0,,,0,0
1961,3,,,0,0,,,0,0
1961,4,,,0,0,,,0,0
1961,5,,,0,0,,,0,0
1961,6,,,0,0,,,0,0
1961,7,,,0,0,,,0,0
1961,8,,,0,0,,,0,0
1961,9,,,0,0,,,0,0
1961,10,,,0,0,,,0,0
1961,11,,,0,0,,,0,0
1961,12,,,0,0,,,0,0
1962,1,,,0,0,,,0,0
1962,2,,,0,0,,,0,0
1962,3,,,0,0,,,0,0
1962,4,,,0,0,,,0,0
1962,5,,,0,0,,,0,0
1962,6,,,0,0,,,0,0
1962,7,,,0,0,,,0,0
1962,8,,,0,0,,,0,0
1962,9,,,0,0,,,0,0
1962,10,,,0,0,,,0,0
1962,11,,,0,0,,,0,0
1962,12,,,0,0,,,0,0
1963,1,,,0,0,,,0,0
1963,2,,,0,0,,,0,0
1963,3,,,0,0,,,0,0
1963,4,,,0,0,,,0,0
1963,5,,,0,0,,,0,0
1963,6,,,0,0,,,0,0
1963,7,,,0,0,,,0,0
1963,8,,,0,0,,,0,0
1963,9,,,0,0,,,0,0
1963,10,,,0,0,,,0,0
1963,11,,,0,0,,,0,0
1963,12,,,0,0,,,0,0
1964,1,,,0,0,,,0,0
1964,2,,,0,0,,,0,0
1964,3,,,0,0,,,0,0
1964,4,,,0,0,,,0,0
1964,5,,,0,0,,,0,0
1964,6,,,0,0,,,0,0
1964,7,,,0,0,,,0,0
1964,8,,,0,0,,,0,0
1964,9,,,0,0,,,0,0
1964,10,,,0,0,,,0,0
1964,11,,,0,0,,,0,0
1964,12,,,0,0,,,0,0
1965,1,,,0,0,,,0,0
1965,2,,,0,0,,,0,0
1965,3,,,0,0,,,0,0
1965,4,,,0,0,,,0,0
1965,5,,,0,0,,,0,0
1965,6,,,0,0,,,0,0
1965,7,,,0,0,,,0,0
1965,8,,,0,0,,,0,0
1965,9,,,0,0,,,0,0
1965,10,,,0,0,,,0,0
1965,11,,,0,0,,,0,0
1965,12,,,0,0,,,0,0
1966,1,,,0,0,,,0,0
1966,2,,,0,0,,,0,0
1966,3,,,0,0,,,0,0
1966,4,,,0,0,,,0,0
1966,5,,,0,0,,,0,0
1966,6,,,0,0,,,0,0
1966,7,,,0,0,,,0,0
1966,8,,,0,0,,,0,0
1966,9,,,0,0,,,0,0
1966,10,,,0,0,,,0,0
1966,11,,,0,0,,,0,0
1966,12,,,0,0,,,0,0
1967,1,,,0,0,,,0,0
1967,2,,,0,0,,,0,0
1967,3,,,0,0,,,0,0
1967,4,,,0,0,,,0,0
1967,5,,,0,0,,,0,0
1967,6,,,0,0,,,0,0
1967,7,,,0,0,,,0,0
1967,8,,,0,0,,,0,0
1967,9,,,0,0,,,0,0
1967,10,,,0,0,,,0,0
1967,11,,,0,0,,,0,0
1967,12,,,0,0,,,0,0
1968,1,,,0,0,,,0,0
1968,2,,,0,0,,,0,0
1968,3,,,0,0,,,0,0
1968,4,,,0,0,,,0,0
1968,5,,,0,0,,,0,0
1968,6,,,0,0,,,0,0
1968,7,,,0,0,,,0,0
1968,8,,,0,0,,,0,0
1968,9,,,0,0,,,0,0
1968,10,,,0,0,,,0,0
1968,11,,,0,0,,,0,0
1968,12,,,0,0,,,0,0
1969,1,,,0,0,,,0,0
1969,2,,,0,0,,,0,0
1969,3,,,0,0,,,0,0
1969,4,,,0,0,,,0,0
1969,5,,,0,0,,,0,0
1969,6,,,0,0,,,0,0
1969,7,,,0,0,,,0,0
1969,8,,,0,0,,,0,0
1969,9,,,0,0,,,0,0
1969,10,,,0,0,,,0,0
1969,11,,,0,0,,,0,0
1969,12,,,0,0,,,0,0
1970,1,,,0,0,,,0,0
1970,2,,,0,0,,,0,0
1970,3,,,0,0,,,0,0
1970,4,,,0,0,,,0,0
1970,5,,,0,0,,,0,0
1970,6,,,0,0,,,0,0
1970,7,,,0,0,,,0,0
1970,8,,,0,0,,,0,0
1970,9,,,0,0,,,0,0
1970,10,,,0,0,,,0,0
1970,11,,,0,0,,,0,0
1970,12,,,0,0,,,0,0
1971,1,,,0,0,,,0,0
1971,2,,,-.035167586,0,,,0,0
1971,3,,,-.078405425,0,,,0,0
1971,4,,,-.040105417,0,,,0,0
1971,5,,,-.051504448,0,,,0,0
1971,6,,,.12376931,0,,,0,0
1971,7,,,.067386456,0,,,0,0
1971,8,,,-2.1379514,0,,,0,0
1971,9,,,-3.0974872,0,,,0,0
1971,10,,,-3.6395285,0,,,0,0
1971,11,,,-4.0883722,0,,,0,0
1971,12,,,-6.1432853,0,,,0,0
1972,1,,,-6.98633,0,,,0,0
1972,2,,,-7.7721667,0,,,0,0
1972,3,,,-7.9971991,0,,,0,0
1972,4,,,-7.9680667,0,,,0,0
1972,5,,,-8.6693439,0,,,0,0
1972,6,,,-7.7626758,0,,,0,0
1972,7,,,-7.7033997,0,,,0,0
1972,8,,,-7.8383145,0,,,0,0
1972,9,,,-6.5675735,0,,,0,0
1972,10,,,-6.6979995,0,,,0,0
1972,11,,,-6.9049902,0,,,0,0
1972,12,,,-6.7023678,0,,,0,0
1973,1,,,-7.2850232,0,,,0,0
1973,2,,,-14.335351,0,,,0,0
1973,3,,,-14.124266,0,,,0,0
1973,4,,,-13.853654,0,,,0,0
1973,5,,,-16.897839,0,,,0,0
1973,6,,,-20.049719,0,,,0,0
1973,7,,,-19.78273,0,,,0,0
1973,8,,,-17.041918,0,,,0,0
1973,9,,,-17.099979,0,,,0,0
1973,10,,,-17.500124,0,,,0,0
1973,11,,,-13.670568,0,,,0,0
1973,12,,,-12.176325,0,,,0,0
1974,1,,,-9.1379805,0,,,0,0
1974,2,,,-11.987215,0,,,0,0
1974,3,,,-15.361432,0,,,0,0
1974,4,,,-16.931292,0,,,0,0
1974,5,,,-15.961509,0,,,0,0
1974,6,,,-15.110208,0,,,0,0
1974,7,,,-14.553453,0,,,0,0
1974,8,,,-12.257701,0,,,0,0
1974,9,,,-12.83484,0,,,0,0
1974,10,,,-13.644341,0,,,0,0
1974,11,,,-14.816311,0,,,0,0
1974,12,,,-16.574806,0,,,0,0
1975,1,,,-17.780169,0,,,0,0
1975,2,,,-20.320116,0,,,0,0
1975,3,,,-19.415213,0,,,0,0
1975,4,,,-18.198427,0,,,0,0
1975,5,,,-18.425674,0,,,0,0
1975,6,,,-17.090895,0,,,0,0
1975,7,,,-12.249905,0,,,0,0
1975,8,,,-11.189385,0,,,0,0
1975,9,,,-8.92307,0,,,0,0
1975,10,,,-11.283916,0,,,0,0
1975,11,,,-9.8481207,0,,,0,0
1975,12,,,-9.5712481,0,,,0,0
1976,1,,,-10.170465,0,,,0,0
1976,2,,,-10.411745,0,,,0,0
1976,3,,,-9.8376217,0,,,0,0
1976,4,,,-9.7268353,0,,,0,0
1976,5,,,-8.1781111,0,,,0,0
1976,6,,,-8.6223669,0,,,0,0
1976,7,,,-8.8902464,0,,,0,0
1976,8,,,-9.3615685,0,,,0,0
1976,9,,,-10.187596,0,,,0,0
1976,10,,,-9.3249302,0,,,0,0
1976,11,,,-8.9412661,0,,,0,0
1976,12,,,-10.889978,0,,,0,0
1977,1,,,-9.7325945,0,,,0,0
1977,2,,,-10.037688,0,,,0,0
1977,3,,,-10.492104,0,,,0,0
1977,4,,,-9.6482973,0,,,0,0
1977,5,,,-9.3177767,0,,,0,0
1977,6,,,-9.5408049,0,,,0,0
1977,7,,,-9.8163233,0,,,0,0
1977,8,,,-7.0131164,0,,,0,0
1977,9,,,-7.3835454,0,,,0,0
1977,10,,,-9.1201963,0,,,0,0
1977,11,,,-9.1921511,0,,,0,0
1977,12,,,-12.976703,0,,,0,0
1978,1,,,-13.165865,0,,,0,0
1978,2,,,-13.414454,0,,,0,0
1978,3,,,-13.113871,0,,,0,0
1978,4,,,-12.307894,0,,,0,0
1978,5,,,-12.701509,0,,,0,0
1978,6,,,-14.59372,0,,,0,0
1978,7,,,-17.070696,0,,,0,0
1978,8,,,-17.482529,0,,,0,0
1978,9,,,-18.262152,0,,,0,0
1978,10,,,-24.310888,0,,,0,0
1978,11,,,-17.29463,0,,,0,0
1978,12,,,-20.16478,0,,,0,0
1979,1,,,-17.644672,0,,,0,0
1979,2,,,-18.336647,-.58699745,,,0,0
1979,3,,,-18.415585,-.4802742,,,0,0
1979,4,,,-17.092863,.73267519,,,0,0
1979,5,,,-16.381903,1.8342984,,,0,0
1979,6,,,-18.75708,-1.3372867,,,0,0
1979,7,,,-19.679955,-3.5185409,,,0,0
1979,8,,,-19.527161,-3.668093,,,0,0
1979,9,,,-20.420116,-5.1342864,,,0,0
1979,10,,,-16.402893,-.80715704,,,0,0
1979,11,,,-17.103989,-2.7226627,,,0,0
1979,12,,,-18.157145,-2.5666037,,,0,0
1980,1,,,-18.563314,-3.4557054,,,0,0
1980,2,,,-17.458523,-2.9345062,,,0,0
1980,3,,,-12.580587,3.7638295,,,0,0
1980,4,,,-17.144184,-2.3072073,,,0,0
1980,5,,,-19.989241,-4.112464,,,0,0
1980,6,,,-20.807013,-4.5649304,,,0,0
1980,7,,,-19.703535,-4.989934,,,0,0
1980,8,,,-20.730642,-5.2430577,,,0,0
1980,9,,,-20.979589,-5.3451796,,,0,0
1980,10,,,-19.789152,-3.5787044,,,0,0
1980,11,,,-17.861858,-1.3467555,,,0,0
1980,12,,,-18.166943,.12548153,,,0,0
1981,1,,,-14.520242,4.5643229,,,0,0
1981,2,,,-12.682414,6.5308008,,,0,0
1981,3,,,-13.323536,4.885314,,,0,0
1981,4,,,-10.379557,7.8532777,,,0,0
1981,5,,,-6.9676104,11.763302,,,0,0
1981,6,,,-3.9938786,16.057962,,,0,0
1981,7,,,-.42869896,19.475023,,,0,0
1981,8,,,-2.0595961,19.036165,,,0,0
1981,9,,,-1.4727775,19.824926,,,0,0
1981,10,,,-2.246562,18.422985,,,0,0
1981,11,,,-6.1726394,14.865338,,,0,0
1981,12,,,-4.5303817,16.566383,,,0,0
1982,1,,,-1.7762351,18.187914,,,0,0
1982,2,,,1.3425407,20.905693,,,0,0
1982,3,,,3.5966873,22.20911,,,0,0
1982,4,,,1.1460857,19.470152,,,0,0
1982,5,,,2.3875759,20.360096,,,0,0
1982,6,,,6.7956476,25.427042,,,0,0
1982,7,,,7.1116133,26.048937,,,0,0
1982,8,,,8.2672405,27.79237,,,0,0
1982,9,,,10.151029,29.393879,,,0,0
1982,10,,,14.532944,34.808102,,,0,0
1982,11,,,12.038804,32.740349,,,0,0
1982,12,,,10.442072,31.669767,,,0,0
1983,1,,,13.218612,34.168468,,,0,0
1983,2,,,12.997195,33.998581,,,0,0
1983,3,,,13.65406,34.5228,,,0,0
1983,4,,,12.618839,33.131542,,,0,0
1983,5,,,12.927643,33.269051,,,0,0
1983,6,,,14.312122,35.171394,,,0,0
1983,7,,,15.882591,37.00034,,,0,0
1983,8,,,17.444736,38.872723,,,0,0
1983,9,,,15.683233,36.881535,,,0,0
1983,10,,,15.705746,36.92482,,,0,0
1983,11,,,17.050041,38.747269,,,0,0
1983,12,,,17.973362,40.01564,,,0,0
1984,1,,,20.127396,42.932755,,,0,0
1984,2,,,16.200153,37.21376,,,0,0
1984,3,,,16.380478,37.403019,,,0,0
1984,4,,,18.935333,40.534931,,,0,0
1984,5,,,20.005207,41.117153,,,0,0
1984,6,,,21.938179,42.848423,,,0,0
1984,7,,,24.946404,46.974232,,,0,0
1984,8,,,24.002459,45.938026,,,0,0
1984,9,,,28.334347,51.246208,,,0,0
1984,10,,,28.056665,50.895241,,,0,0
1984,11,,,29.562113,52.521759,,,0,0
1984,12,,,30.989521,54.048992,,,0,0
1985,1,,,31.910583,54.665386,,,0,0
1985,2,,,36.212692,59.083176,,,0,0
1985,3,,,29.543201,51.051754,,,0,0
1985,4,,,30.033804,51.108173,,,0,0
1985,5,,,28.724922,49.143379,,,0,0
1985,6,,,27.72061,48.209694,,,0,0
1985,7,,,22.126556,41.766163,,,0,0
1985,8,,,23.063742,42.963615,,,0,0
1985,9,,,19.40312,38.340469,,,0,0
1985,10,,,17.56938,36.240944,,,0,0
1985,11,,,14.637932,32.593758,,,0,0
1985,12,,,14.671679,32.666061,,,0,0
1986,1,,,14.102733,31.568998,,,0,0
1986,2,,,9.7996731,26.036842,,,0,0
1986,3,,,10.710577,26.83597,,,0,0
1986,4,,,5.7004962,19.91168,,,0,0
1986,5,,,11.365023,26.692337,,,0,0
1986,6,,,7.5146699,22.037642,,,0,0
1986,7,,,5.752655,20.03809,,,0,0
1986,8,,,5.0547824,19.027866,,,0,0
1986,9,,,5.6096869,19.357239,,,0,0
1986,10,,,7.9621339,22.125099,,,0,0
1986,11,,,6.3284736,20.119282,,,0,0
1986,12,,,4.3189201,17.913433,,,0,0
1987,1,,,.90524405,14.411756,,,0,0
1987,2,,,.026298773,13.45132,,,0,0
1987,3,,,-2.8199124,10.336979,,,0,0
1987,4,,,-4.0139194,8.3804274,,,0,0
1987,5,,,-2.7417109,9.8822441,,,0,0
1987,6,,,-2.2753906,10.90367,,,0,0
1987,7,,,-.90301967,12.609311,,,0,0
1987,8,,,-3.2346532,10.091921,,,0,0
1987,9,,,-2.0956459,11.313362,,,0,0
1987,10,,,-5.9786367,6.5188961,,,0,0
1987,11,,,-9.7705526,2.1808414,,,0,0
1987,12,,,-13.575164,-2.2028008,,,0,0
1988,1,1.9960262,,-9.8658667,2.4893699,,,0,0
1988,2,5.0171938,,-10.127691,2.1266744,,,0,0
1988,3,2.4421024,9.1864166,-12.998002,-1.1804011,,,0,0
1988,4,.62200731,7.993391,-12.787767,-.74603015,,,0,0
1988,5,-2.6459765,.37477064,-11.446517,.70188552,,,0,0
1988,6,-.75257754,-2.7858188,-6.8715553,6.7079058,,,0,0
1988,7,1.1176562,-2.2923596,-5.7296329,8.4855747,,,0,0
1988,8,-6.3521295,-6.0887618,-3.8598809,10.312,,,0,0
1988,9,3.4393151,-1.7926607,-4.8463559,9.2802362,,,0,0
1988,10,5.5820961,2.6172464,-8.6352987,4.6715684,,,0,0
1988,11,2.5704701,11.479586,-11.609509,1.6272298,,,0,0
1988,12,.16818935,8.1902733,-9.8987799,3.8651178,,,0,0
1989,1,2.8318474,5.3722448,-6.6407599,7.7949138,,,0,0
1989,2,-1.4256071,1.3501482,-7.5715146,6.3741741,,,0,0
1989,3,-1.3621581,-.19170205,-4.855875,9.6780367,,,0,0
1989,4,1.5580909,-1.360865,-5.4016695,9.0521135,,,0,0
1989,5,-3.2784696,-3.240191,-.45941821,14.625582,,,0,0
1989,6,-2.2956038,-4.1339445,-.38769525,14.970802,,,0,0
1989,7,9.8407698,4.2322459,-4.8265133,10.178839,,,0,0
1989,8,-3.2027018,4.1958737,-.95798415,14.735145,,,0,0
1989,9,2.1598551,8.7449884,-3.6389885,11.135705,,,0,0
1989,10,-4.0965838,-5.184289,-3.34003,11.456977,,,0,0
1989,11,3.0463526,1.0277896,-4.3167787,10.790671,,,0,0
1989,12,2.4736335,1.2770548,-6.5355358,8.3246641,,,0,0
1990,1,-5.4113889,-.1263732,-7.2129893,7.2106724,,,0,0
1990,2,-5.1145911,-8.2442045,-6.8130174,7.541914,,,0,0
1990,3,-7.2192283,-17.874992,-5.8906527,8.5626478,,,0,0
1990,4,-2.1566122,-14.523861,-6.0146036,8.1467323,,,0,0
1990,5,9.1184206,-.30914515,-6.7005033,6.7489386,,,0,0
1990,6,-1.481705,5.3903542,-8.3508577,5.4612336,,,0,0
1990,7,.17167571,7.6920953,-12.40957,1.0896337,,,0,0
1990,8,-10.723771,-12.144946,-13.171327,.42184502,,,0,0
1990,9,-11.919554,-22.567293,-13.967042,-.69884974,,,0,0
1990,10,7.9842997,-14.742571,-16.812155,-4.2954898,,,0,0
1990,11,-2.4905589,-6.5429535,-16.737556,-4.1320443,,,0,0
1990,12,1.3302172,6.7016158,-16.187418,-2.974611,,,0,0
1991,1,2.9567814,1.5505005,-17.78915,-5.2917156,,,0,0
1991,2,8.2879705,12.280311,-15.895903,-3.4597912,,,-.70053542,.7871713
1991,3,-3.5153103,7.5066118,-8.6679029,4.6684647,,,-1.2258886,.56534588
1991,4,.1262821,4.776577,-8.5598736,4.5378456,-.24238199,5.04,-1.0288838,-.22729623
1991,5,1.7055688,-1.8056029,-7.460258,5.9498024,-.1837379,4.9499998,-.032751381,-.1743056
1991,6,-6.9559746,-5.19626,-4.9085059,9.1867924,.43374816,4.02,.87395942,-1.6599319
1991,7,4.0219364,-1.3003242,-6.7723527,7.0022717,.089663304,3.8600001,.99307108,-1.6960808
1991,8,-.87746847,-3.8777812,-6.9381685,7.0208201,-.024072185,3.8150001,1.078521,-3.6466699
1991,9,1.8702924,4.9390898,-10.669203,2.5746779,-.15066935,3.4000001,1.9648347,-2.5346174
1991,10,1.1069853,2.0102756,-10.747085,2.448951,-.20892635,3.45,1.7905083,-3.1362631
1991,11,-5.0141587,-2.1377757,-11.954969,.85914356,.11562786,4.0500002,1.6759454,-2.2860849
1991,12,6.6236439,2.5689268,-16.596024,-4.7673454,-.077219225,4.4949999,1.2774961,-2.3410821
1992,1,-2.0187624,-.5887745,-12.993757,-.54257649,-.12417422,4.375,.71653229,-.72624862
1992,2,-2.0415955,2.4161363,-11.221678,1.1854587,.072270289,4.375,1.4302953,-1.423667
1992,3,-5.0942469,-9.1942348,-10.104797,2.1789069,.88075972,5.4249997,2.257844,-2.2803209
1992,4,.77150339,-6.3741121,-10.368672,1.755152,1.0526692,5.3450003,3.0130634,-2.5611155
1992,5,3.2508814,-1.1233071,-13.052617,-.9997583,.77720487,4.6100001,3.3387182,-4.1221175
1992,6,-4.1617074,-.23947041,-16.597197,-4.3446302,.58834881,4.3299999,3.3530347,-3.4607074
1992,7,-.20357224,-1.1663675,-18.012487,-5.3065376,.48072365,4.625,4.2527184,-4.5319824
1992,8,1.7335818,-2.7192278,-21.427303,-8.5633974,,4.625,3.7594047,-3.8775492
1992,9,-1.3224038,.10230984,-17.943834,-5.3226905,-.1509935,3.5699999,3.9914691,-4.0177102
1992,10,-2.918155,-2.5810072,-11.117556,1.8628492,.64624929,2.8099999,4.7387443,-5.275116
1992,11,1.2105088,-3.124316,-5.8718705,7.3855662,.095311649,2.5066667,5.1632452,-7.0392265
1992,12,.50669879,-1.204972,-4.0213923,9.2192259,.07270553,2.5066667,5.2535181,-7.3145895
1993,1,-.098478198,1.5653102,-3.6395311,9.4942818,-.0055515654,2.1300001,5.6857724,-8.4610929
1993,2,1.8907701,2.174118,-2.3447211,10.653573,.028423088,1.8733333,6.128119,-8.0406456
1993,3,5.1646323,6.8847084,-4.5731926,8.2236986,.28515208,1.7933334,5.9880238,-7.4246182
1993,4,3.9992907,11.023404,-6.991178,5.9156904,.2319112,1.8233333,6.3381906,-7.6982288
1993,5,1.8894019,11.008422,-7.8891482,5.1646776,.41726619,1.4699999,5.9904151,-7.8552818
1993,6,-1.0845643,4.7939701,-3.4246283,9.6894417,.093534291,1.3233334,6.1560812,-7.9084768
1993,7,1.6257652,2.4153974,-1.4181165,11.827051,.044586182,1.15,6.4642282,-6.3935966
1993,8,4.2208338,4.7111311,-1.2949916,11.990068,-.10936367,1.1433333,6.3590655,-5.9893904
1993,9,-2.1019938,3.6936371,-2.2431381,10.866638,.13169059,1.1933333,6.8361998,-6.1612759
1993,10,2.5110097,4.5721593,-1.0067145,12.43027,.069683284,.78000003,7.6010737,-7.5405483
1993,11,-5.75034,-5.3981128,.44863021,14.222212,-.034213085,.37333331,8.0145006,-7.4581046
1993,12,4.8694892,1.5869113,.6017319,14.590528,.10994621,.49000001,8.5601778,-8.330862
1994,1,6.0128856,5.0742731,-1.2240132,12.678068,-.020910537,.48333335,8.9381256,-6.6383085
1994,2,-1.8475826,8.9454136,-1.6945997,12.393582,.15129326,1.34,8.9654636,-6.0430822
1994,3,-5.0241408,-.90219444,-2.4991424,11.622719,.10582192,1.574,9.9679203,-6.5545454
1994,4,2.2209859,-4.6439338,-3.4753733,10.48499,.19521305,1.354,10.532995,-6.9474335
1994,5,.11102476,-2.7188246,-2.9779809,11.022653,.45242319,1.166,11.043774,-5.849741
1994,6,-.986525,1.3616503,-5.8723288,8.3236189,.71050078,1.2460001,11.679956,-5.4929409
1994,7,1.7309935,.78295267,-5.1886134,9.4107065,.60845423,1.1339999,11.833068,-6.4436488
1994,8,3.0016644,3.614326,-5.42658,9.3379393,.26834655,.778,12.425653,-7.8871226
1994,9,-2.9195969,1.7468998,-7.6467366,6.9899788,.67959696,.75799996,12.806078,-6.1038532
1994,10,1.9830636,2.0488439,-10.313987,4.3355374,.38397652,.426,13.649364,-6.0559845
1994,11,-4.9847598,-5.9798875,-6.8048477,7.9815602,.31947231,-.043999989,14.263848,-5.6699924
1994,12,-.23880252,-3.2804675,-6.8872161,7.9953327,.44164971,.20600002,15.308482,-5.1390362
1995,1,-2.6256626,-7.9609256,-7.2442069,7.694541,.15406108,.097999968,15.491155,-5.9887028
1995,2,.60024828,-2.4421673,-9.5122232,5.4192586,.188885,.12400002,15.328401,-6.0016699
1995,3,4.1620741,1.9724118,-13.21013,1.6389025,.11329708,.65399992,15.472351,-5.4695425
1995,4,3.0374339,7.6446118,-14.283763,.69510686,.24761137,.12400001,15.408436,-4.9442968
1995,5,.87869704,7.9870524,-13.241424,1.6581259,.02098321,.079999946,15.747558,-5.4238091
1995,6,-.38067994,3.5120683,-14.019302,1.0299834,.34643799,.47599998,16.08634,-6.3590612
1995,7,4.2315536,4.6713901,-14.094732,1.2511337,.12950879,.24200001,15.68777,-6.2836399
1995,8,-2.6764772,1.1075329,-10.003172,5.5365973,.25775421,.13399997,16.94211,-7.1756821
1995,9,2.3193483,3.8336527,-11.73743,3.4861996,.31677425,.063999981,17.342306,-7.3285713
1995,10,-2.2101502,-2.60005,-12.379502,3.1177123,.14807042,-.21400003,17.219208,-6.9029217
1995,11,2.6815722,2.7527645,-11.096021,4.5096602,.24830431,-.22599994,17.470554,-6.287221
1995,12,2.4851456,2.93575,-11.170292,4.5114608,.36819729,-.078000031,17.851467,-5.8514338
1996,1,1.7315592,6.7920971,-8.0600367,8.2611198,.10070226,-.34800002,17.195642,-6.7526093
1996,2,-.027628364,4.0781751,-9.6096897,6.6749797,-.41713455,-.398,18.724121,-6.8813276
1996,3,1.1934391,2.8424921,-9.4673157,6.7884579,-.14042471,-.824,18.63006,-7.5565863
1996,4,1.9686975,3.1432164,-8.37784,7.973649,.070880391,-1.036,19.540733,-8.2011204
1996,5,-.16636042,3.0019016,-8.5282917,7.8566489,.29991087,-1.0300001,20.270378,-9.0770321
1996,6,.18769833,1.9722608,-8.8102655,7.793859,.28832519,-1.1,21.111845,-9.1359434
1996,7,-4.2376723,-4.268352,-10.00396,6.8527002,.19989023,-1.3560001,20.982092,-8.7494431
1996,8,.80493444,-3.2881975,-9.6180124,7.3096943,.11453301,-1.548,21.560318,-8.5843506
1996,9,3.2375612,-.23157215,-8.6286545,8.2738504,.33371875,-1.462,22.246542,-9.4681759
1996,10,-.082443185,3.9018648,-9.8265047,7.2420444,.07158456,-1.73,22.187069,-10.372269
1996,11,4.7723813,7.8713522,-9.5863714,7.6915007,.069045566,-1.848,23.066046,-10.535429
1996,12,-1.8991401,2.7830284,-9.1966352,8.2560701,.10592499,-1.916,23.713835,-10.492653
1997,1,1.1954873,4.0228071,-5.3045154,12.190612,.052224737,-1.924,23.855478,-9.2862816
1997,2,.91164911,.16790687,-3.7715595,13.77852,-.029815195,-2.0020001,25.057959,-10.257617
1997,3,-2.3876338,-.3241393,-3.763171,13.757446,-.039946862,-2.154,25.725351,-10.952774
1997,4,2.735651,1.2498789,-.3342905,16.777651,.21995702,-1.886,25.748817,-10.555262
1997,5,5.4950256,5.8170395,-2.644439,14.272573,.3748568,-1.7279999,26.332455,-10.598414
1997,6,4.6819172,12.810306,-2.369194,14.532928,.21666917,-1.766,26.819107,-11.180612
1997,7,4.0056024,14.070063,.56017131,17.67218,.035464276,-1.762,27.578976,-10.712025
1997,8,-7.7164655,.89823109,.26527733,17.467194,-.018761897,-1.8199999,28.618382,-13.219728
1997,9,4.7976332,1.0657845,-1.5285561,15.543029,.1339805,-1.6799999,29.502766,-13.361172
1997,10,-6.5833545,-9.5616465,-2.920785,14.269739,.12077083,-1.556,30.359446,-12.702747
1997,11,1.09646,-.76293224,-.4245984,16.92063,.27967259,-1.462,31.233511,-13.682007
1997,12,.86174381,-4.6577826,1.6475395,19.061745,.146386,-1.332,31.541397,-13.742168
1998,1,1.6958561,3.6125391,2.805588,20.394728,.082166776,-1.2079999,32.053619,-14.859091
1998,2,6.1807327,8.6834555,1.7414029,19.128927,.11145126,-1.2720001,32.184879,-15.264534
1998,3,3.8247955,11.645123,2.7027924,19.875523,.18984552,-1.1960001,32.252392,-14.922178
1998,4,.52344793,10.522922,1.340565,18.521687,.40531757,-.98199993,32.621792,-15.732872
1998,5,-2.2228968,2.0623972,3.086149,20.323444,.29703975,-1.056,33.255646,-17.368191
1998,6,1.4909898,-.28070757,3.6140246,20.99194,.2016594,-1.1900001,32.626278,-14.381964
1998,7,-.37304097,-1.174075,4.6654363,22.429417,.033621669,-.88166666,32.278309,-13.703987
1998,8,-15.501118,-14.460374,5.0520191,23.031424,.48315701,-.06666664,34.309986,-17.331738
1998,9,1.5921977,-14.364507,1.5566605,19.227255,.71693808,.35666665,34.114365,-16.143318
1998,10,8.3781462,-5.6686931,-.89935625,16.814898,.38882512,-.079999976,34.920807,-18.792316
1998,11,5.5949955,15.382651,1.3484081,19.082838,.45847481,-.17666662,34.855858,-18.984762
1998,12,4.1307316,18.028288,-.14967036,17.797609,.38301143,-.41571429,35.226517,-19.660328
1999,1,1.5971111,11.278543,-.18388525,17.928839,.16349752,-.74571431,35.693542,-18.328764
1999,2,-2.9336064,2.7825198,2.9184899,20.897837,.11888311,-.89999998,36.22541,-19.15757
1999,3,4.1249666,2.7895408,2.9731965,20.674416,.078007706,-1.1757143,36.383911,-18.558077
1999,4,3.8546431,5.0601001,3.8642302,21.86993,.12872027,-1.2014285,36.654865,-20.566387
1999,5,-3.7781546,4.1678843,5.0332761,23.069393,.10258651,-1.2842857,37.340946,-19.85224
1999,6,4.5610456,4.6440358,5.3438659,23.318844,.13414413,-1.5857142,37.173756,-19.350666
1999,7,-.81470972,-.051170185,2.8633792,21.381962,.2498129,-1.4299999,37.804661,-19.644751
1999,8,-.46120629,3.2418633,2.5808327,21.209211,.33846432,-1.6,38.224701,-20.08169
1999,9,-1.4409854,-2.7863202,1.2822402,19.969946,.66341597,-1.5142857,37.80183,-18.078266
1999,10,4.5162086,2.5583682,1.5683317,20.29846,.58701956,-1.4599999,39.126617,-19.142937
1999,11,2.6871665,5.6531792,3.7677398,22.576313,.49004611,-1.6171428,39.597771,-18.378868
1999,12,7.6010108,14.72323,3.2791226,22.200985,.28989187,-1.7571429,40.367725,-18.599266
2000,1,-6.0306754,4.1655407,5.9569106,25.287291,.0043536187,-1.3383334,40.385254,-19.962946
2000,2,-.11531559,1.3970618,7.0083976,26.424124,.016850887,-1.8628571,40.682018,-19.170528
2000,3,5.9878979,-.1730967,6.0510287,25.716963,-.11806833,-2.1085715,41.043755,-18.679321
2000,4,-5.0503502,.7933228,10.255701,29.855783,.32435095,-1.6885715,41.761444,-19.556156
2000,5,-2.9623764,-2.0872042,10.193832,29.768702,.9286809,-1.2971429,41.931698,-17.956181
2000,6,2.9589441,-5.1916142,8.1750317,28.056711,.6793257,-1.3128572,42.027641,-18.165548
2000,7,-3.475589,-3.6254685,10.71657,31.083443,.35931474,-1.51,41.876373,-18.468584
2000,8,2.6060619,2.0426524,12.611833,33.011993,.044834852,-1.7271429,41.58366,-17.102839
2000,9,-6.1683321,-7.0161805,13.243441,33.621281,.21157475,-1.5685714,41.968807,-18.334455
2000,10,-2.5157287,-6.1178961,15.851457,36.263851,.1199061,-1.6814286,41.673641,-17.113213
2000,11,-6.9029279,-15.635951,15.857259,36.20155,.21671569,-1.5328572,41.700779,-16.818222
2000,12,1.1108125,-8.3417826,11.39311,31.951221,.25505334,-1.27,41.42205,-16.416536
2001,1,2.0324571,-3.8390436,12.403439,33.6371,.19243874,-.48857141,40.776302,-17.00614
2001,2,-9.1675863,-6.1709013,13.862559,34.927494,.13752851,-.33285716,40.134338,-16.368238
2001,3,-7.3750119,-14.670268,17.989969,38.869766,.39936188,.01714286,39.900192,-16.439766
2001,4,6.6768317,-9.9159336,16.767866,37.349888,.34492382,.51999998,39.608261,-17.18026
2001,5,-1.4057604,-2.2124746,18.948761,39.546169,.27018228,.69285715,38.995449,-17.536161
2001,6,-3.3652518,1.8064995,19.425364,40.279812,.21211766,.77714288,38.395874,-16.866531
2001,7,-1.8660902,-6.7193241,17.858866,38.992882,.13375533,.79428571,37.822861,-16.931219
2001,8,-4.9974451,-10.254464,15.240089,36.269032,.23593377,.93000001,37.698807,-15.360962
2001,9,-9.8663454,-16.767853,15.741164,36.860428,.25555497,1.3742857,37.315655,-15.872181
2001,10,1.9151098,-13.045705,16.752819,37.688202,.073890246,1.4042857,36.879585,-16.324265
2001,11,5.8081522,-2.324795,17.082094,38.124969,.13663603,1.5414286,36.388439,-14.92601
2001,12,.80519056,8.4596891,17.807007,38.640327,.094064578,1.5228572,36.411972,-15.061571
2002,1,-2.9157636,3.6459854,20.045856,40.993973,.10109745,1.5485715,37.042103,-15.694302
2002,2,-.87978876,-3.0150957,19.341309,40.224953,.095142476,1.5842857,37.015621,-14.920641
2002,3,4.2702179,.46820787,18.582268,39.337307,.22228213,1.7071428,37.827972,-16.958305
2002,4,-3.3603451,.018277979,15.777982,36.653652,.10148595,1.7385714,38.240093,-15.467438
2002,5,-.0033708555,.90060419,12.338624,33.231434,.13283542,1.88,38.66198,-15.554495
2002,6,-6.4259119,-9.8061237,7.9213567,28.862043,.12731098,1.9128572,39.609009,-17.635775
2002,7,-8.8986397,-15.339765,8.9923353,30.179811,.086431764,1.8861715,39.369122,-17.19911
2002,8,.12743987,-15.206345,8.4065819,29.819366,.15750518,1.9493142,39.38221,-17.164787
2002,9,-11.75588,-20.530157,8.1677742,29.424391,.12737843,1.9299428,39.521011,-17.708744
2002,10,6.9803953,-4.6604624,8.0870905,29.36565,.1331524,2.0098715,39.218513,-16.456841
2002,11,5.2048206,.4000186,7.6127391,28.970663,.17672245,2.1767001,39.739162,-17.465178
2002,12,-4.9586201,7.191895,3.8367634,25.192636,.11610189,1.9688715,39.247402,-17.577667
2003,1,-3.0628676,-2.8608496,2.4568291,23.751526,.1230194,1.9252571,40.006512,-17.393484
2003,2,-1.822539,-9.8570042,2.5999076,24.047483,.10023822,1.7604715,40.148602,-17.611181
2003,3,-.52237582,-5.4163222,2.1921158,23.597574,.017325645,1.7413428,39.916939,-17.85605
2003,4,8.4582319,6.1115713,-.044648897,21.209751,.087260351,1.7239286,39.199505,-16.980303
2003,5,5.5714006,13.49154,-3.7872398,17.470272,.12470772,1.6100286,39.227531,-17.672808
2003,6,1.8153828,15.849235,-1.8486954,19.580328,.17914198,1.5642858,39.394756,-17.732624
2003,7,2.1305852,9.4900627,.33046877,22.253839,.13940468,1.3958,39.834114,-17.211399
2003,8,2.2750077,6.1759167,1.2249507,23.468712,.11617738,1.3423285,39.691372,-17.621559
2003,9,.56362128,4.9650311,-4.1910195,18.036057,.13453084,1.2937857,40.278267,-17.080975
2003,10,5.8187585,8.6479111,-4.6751342,17.445084,.20108455,1.4196143,40.419331,-16.505209
2003,11,1.4380603,7.8018541,-7.1637764,14.991598,.30274019,1.5117714,41.186909,-17.885088
2003,12,6.0973139,13.342323,-10.453379,11.88792,.1351811,1.2924428,41.115673,-17.411215
2004,1,1.6216906,9.1437931,-9.0668364,13.700408,.1151812,1.2122999,41.370762,-17.578465
2004,2,1.7558894,9.4567633,-8.6024456,14.211656,.072292745,1.0912,41.974766,-18.234745
2004,3,-.60817206,2.7514787,-9.3098125,13.452275,.061849412,1.0157143,41.476162,-17.2656
2004,4,-2.3993895,-1.2552108,-6.3755069,16.393322,.1071209,1.0455,41.926464,-17.102369
2004,5,.77278197,-2.2486897,-8.146225,14.775794,.20751059,1.0337429,42.716015,-18.022348
2004,6,1.932919,.29282182,-7.7092266,15.6246,.2438677,.80470002,41.888195,-16.114532
2004,7,-3.320533,-.61881083,-6.8188357,16.747131,.15383926,.67284286,42.655731,-18.599043
2004,8,.54796189,-.83119738,-8.1208897,15.543321,.10652984,.5287143,42.729397,-19.968153
2004,9,1.9770941,-.79029936,-9.8459167,13.814178,.23808399,.47544286,42.813587,-18.36301
2004,10,2.3097219,4.8248606,-12.979027,10.898451,.16596653,.27667144,43.7612,-19.134758
2004,11,5.2055988,9.480896,-16.759499,7.5896478,.14240247,-.0090714432,43.970707,-19.267559
2004,12,3.6763961,11.203413,-17.580809,6.7934918,.19545352,-.10792857,44.703671,-21.288824
2005,1,-2.2897096,6.5917888,-14.463789,10.115849,.20170008,-.30702859,45.162994,-20.882059
2005,2,3.2648747,4.6046038,-15.926276,8.7675323,.07684204,-.58458573,45.848412,-20.830505
2005,3,-2.3848045,-1.4178125,-14.002061,10.729523,.16833815,-.64247143,45.689621,-20.781982
2005,4,-2.3784959,-1.5088654,-13.931033,10.885009,.17973241,-.75639999,45.857952,-19.283251
2005,5,1.6971393,-3.1003568,-10.660027,14.03034,.29049185,-.78322858,45.988457,-20.096426
2005,6,.82841897,.12690656,-8.7473488,15.944012,.34793362,-.98724288,46.371235,-20.671284
2005,7,3.4086325,5.9156246,-8.5701141,16.753647,.17865513,-1.3220571,46.0546,-21.110695
2005,8,.54140896,4.7845035,-10.601155,15.19963,.22057889,-1.3934001,46.329422,-20.915346
2005,9,2.7174046,6.6908293,-9.0653944,17.557928,.37062725,-1.3969715,44.445129,-17.60269
2005,10,-2.9773049,.2481917,-7.9785547,18.730833,.31516588,-1.5878429,45.698483,-20.060421
2005,11,3.3262203,3.0450225,-6.2132869,20.120642,.36331668,-1.5877285,46.707039,-20.511599
2005,12,2.141247,2.511169,-6.6784077,19.552923,.15609393,-1.8589143,47.325214,-20.627752
2006,1,4.4853659,9.9372263,-9.1416283,17.768229,.10731068,-2.0025856,47.443043,-20.027052
2006,2,-.46816427,6.1954894,-7.791955,18.817877,.10903406,-2.0422714,47.447193,-20.272791
2006,3,1.7677196,5.827817,-8.3205595,18.234966,.29503471,-1.9181429,47.652988,-20.366861
2006,4,2.9369009,4.2369595,-12.777632,13.818309,.22827299,-2.0608287,48.053272,-20.809092
2006,5,-4.3188295,.37231529,-14.571503,12.171206,.27797341,-2.0126715,47.952606,-19.826359
2006,6,-.38922265,-1.7572975,-13.460587,13.466481,.38411292,-2.0709143,48.336102,-20.259087
2006,7,.30984959,-4.415813,-13.525524,14.03992,.26892534,-2.1139143,48.299419,-21.199772
2006,8,2.1949522,2.11289,-13.379622,14.496664,.16325432,-2.0188143,48.691845,-21.158539
2006,9,.78083086,3.2709389,-12.173406,14.940386,.30639851,-1.7737571,48.48888,-21.54925
2006,10,3.3149438,6.2450986,-12.837956,13.796828,.17620747,-1.8143715,48.431675,-20.976677
2006,11,2.4076891,6.4847059,-15.901964,10.695514,.20853649,-1.6877856,48.335609,-20.651709
2006,12,1.8381432,7.5786562,-14.790235,12.235078,.16435789,-1.6412286,49.370174,-20.168438
2007,1,.60461634,4.8318529,-13.61593,13.838085,.143049,-1.5644143,48.848671,-20.965723
2007,2,-.90238672,1.5196713,-14.799342,12.663872,.11862584,-1.4994,49.851597,-21.44602
2007,3,1.6027,1.3004947,-15.617541,11.958784,.18832368,-1.3854429,50.069359,-22.040342
2007,4,3.9625564,4.6612802,-17.718328,9.9339447,.32727504,-1.1734428,50.769852,-22.472164
2007,5,2.6332846,8.1700277,-16.654621,11.298038,.48673987,-.94097143,50.818462,-22.744715
2007,6,-.64797097,5.9065356,-17.403967,10.795048,.3890622,-.9389714,50.846649,-23.140787
2007,7,-1.8999604,.031198204,-18.977997,9.5179825,.23065792,-1.0023857,50.809406,-22.77655
2007,8,-.65115428,-3.1775811,-18.825062,9.7169495,1.1200552,-.21334288,51.031971,-22.018976
2007,9,4.9192348,2.3265464,-23.021719,5.4733639,.73247522,-.1077143,51.418232,-23.297451
2007,10,3.5604839,7.6613722,-24.742208,3.7387338,.53909421,.035757158,50.995197,-21.817581
2007,11,-4.7483025,3.6669438,-24.399998,4.2221608,1.1919459,.61939996,51.582344,-22.686621
2007,12,-1.3286116,-2.5742252,-23.897589,4.7243433,.9571383,.56265712,51.593609,-23.364464
2008,1,-8.769742,-14.981456,-25.084661,4.0704799,.71651167,1.6943144,51.32394,-22.235209
2008,2,.18712817,-10.049897,-27.41007,1.5294449,.59254402,1.8070858,50.987839,-22.596922
2008,3,-1.5945988,-10.43448,-29.355011,-.37711412,.75605994,2.2281284,50.750919,-22.498917
2008,4,5.3918295,3.9159367,-28.279741,.68076187,.92617804,2.2671714,49.990589,-21.323521
2008,5,1.5694954,5.2899399,-28.399473,.69252354,.40546429,1.8793571,49.425575,-21.378
2008,6,-8.6922493,-1.6880783,-28.317146,1.3748158,.64553833,2.1553285,49.190735,-21.94425
2008,7,-2.7415874,-9.801259,-27.386021,2.8504782,.64446342,2.1462715,48.660076,-21.296274
2008,8,-2.2595007,-13.727873,-22.17919,7.7977462,.66475219,2.1632714,47.118553,-21.409899
2008,9,-13.439442,-18.460543,-18.861799,10.703783,3.4320569,2.4102287,42.684898,-17.383732
2008,10,-22.134268,-37.898895,-10.144777,18.662941,1.6850668,2.4308572,43.63155,-19.375721
2008,11,-6.7380109,-42.500916,-8.381794,19.033216,2.0208211,2.2217429,42.366749,-21.27088
2008,12,3.621254,-25.314493,-11.665494,15.333256,.46148559,1.2651429,39.399578,-21.490194
2009,1,-8.9135323,-12.113145,-8.3338175,19.22983,.58945006,1.1104286,36.995853,-22.705093
2009,2,-10.243986,-15.524012,-4.9358582,22.538153,.54436034,.72992855,36.348869,-23.77494
2009,3,7.9679661,-11.185751,-8.1052675,19.235907,.51621652,.58661431,34.750538,-23.92741
2009,4,11.22352,8.9291086,-10.235857,17.170887,.48946205,.68568569,33.949272,-23.225895
2009,5,9.6064091,28.764505,-16.265705,11.146216,.35885414,.62692857,32.93618,-23.057758
2009,6,-.52249658,20.279118,-14.858854,13.096194,.34175491,.48677143,32.544987,-21.375969
2009,7,8.4529285,17.526911,-18.661459,9.5952644,.18350454,.32435712,33.639301,-22.212078
2009,8,3.5543551,11.481404,-18.972366,9.4725056,.25718221,.46520001,34.75391,-23.179815
2009,9,4.5085044,16.500149,-20.919863,7.5478415,.30881941,.49112856,35.507751,-22.695808
2009,10,-1.5380934,6.5025787,-21.41333,7.3657479,.29514083,.57815713,35.827335,-22.996941
2009,11,4.0797567,7.0281949,-22.905796,5.9995103,.2732915,.58131427,36.224186,-22.64658
2009,12,2.0938885,4.6182275,-19.878044,8.9689827,.31020203,.59694284,36.528915,-23.750509
2010,1,-4.4093108,1.7630665,-18.179552,10.699704,.18676023,.53297144,37.682102,-22.939716
2010,2,1.3038001,-1.0137351,-18.079273,10.246894,.15033858,.48101428,38.041252,-23.061306
2010,3,6.2824326,3.1735418,-17.234226,10.83645,.17951865,.46514288,38.697086,-22.466455
2010,4,.20510532,7.790915,-16.834196,11.118379,.20607065,.43015715,39.068214,-22.267134
2010,5,-9.8754988,-3.3879633,-11.671918,16.235308,.33950821,.34882855,40.516724,-22.844543
2010,6,-3.0835268,-12.757516,-12.114418,15.726514,.26759404,.43184286,40.665092,-23.254845
2010,7,7.83249,-5.1290751,-17.400293,10.781278,.14034702,.53101432,41.10239,-23.760437
2010,8,-3.5228286,1.2235948,-15.298757,12.947398,.12114023,.56159997,41.40892,-25.836222
2010,9,9.1636219,13.468207,-20.289888,7.8048315,.092599213,.65794283,41.638721,-23.965799
2010,10,3.5750003,9.2160006,-21.991901,6.229372,.12392126,.80650002,41.373283,-23.07411
2010,11,-2.2114258,10.532475,-17.760311,10.522602,.22997446,.71804285,41.402084,-22.688215
2010,12,7.1025019,8.4626904,-20.01189,8.2038498,.14707053,.74297142,42.366119,-23.256836
2011,1,1.5627723,6.4561696,-22.466116,6.1428709,.12986338,.83265716,42.237473,-23.304434
2011,2,2.8966382,11.553456,-23.823629,4.712111,.11185265,.90795714,41.797668,-23.102999
2011,3,-.056561299,4.3981986,-24.606577,3.9849732,.16806966,1.0731572,42.786221,-26.320145
2011,4,4.0414362,6.8698912,-28.463558,.20470406,.08347214,1.1132715,42.427315,-26.368988
2011,5,-2.0878589,1.8754656,-26.345575,2.5370998,.11028232,1.1312143,42.6549,-25.602579
2011,6,-1.5448545,.39499065,-26.216494,2.8224695,.10334986,1.1698714,42.942738,-25.540501
2011,7,-1.6096556,-5.2470164,-27.124058,2.1915979,.054634526,1.0240285,43.473141,-26.195181
2011,8,-7.5388727,-10.694439,-26.751181,2.8410559,.10045385,.90850002,44.03154,-25.873423
2011,9,-9.8651133,-19.009415,-20.938129,8.4243832,.19704205,.77912855,44.007278,-25.366793
2011,10,10.192084,-7.2266889,-24.500019,4.8826704,.17264418,.84107143,44.693905,-26.542397
2011,11,-2.9738276,-2.6477008,-21.508635,8.0145473,.18854122,.58520001,44.613621,-26.783585
2011,12,-.14885493,7.0660224,-19.729425,9.7515306,.11368589,.60833335,45.16613,-27.707188
2012,1,5.6689701,2.5460765,-20.739868,8.9807234,.12695475,.59034288,45.7766,-26.789959
2012,2,4.9585443,10.481829,-22.218695,7.158464,.13634016,.59161431,46.005524,-27.741686
2012,3,.71132475,11.343909,-21.384228,7.9779882,.1348359,.55962861,45.537453,-27.861885
2012,4,-1.114612,4.551877,-21.677299,7.6975484,.12111547,.54938573,46.286484,-28.673809
2012,5,-9.3001089,-9.7086792,-16.620056,12.636351,.16592169,.48075715,46.478298,-27.766375
2012,6,4.8683834,-5.5524645,-18.592123,10.860459,.22343622,.46345714,46.458717,-28.890196
2012,7,1.3881811,-3.0547416,-18.435057,11.13549,.15586957,.41835716,46.720783,-28.958227
2012,8,2.2060039,8.4564419,-20.257967,9.750412,.13321687,.41754285,46.241844,-28.647263
2012,9,3.1392004,6.727047,-21.507494,8.6286325,.22055469,.46557143,46.290798,-31.194466
2012,10,-.64619303,4.689292,-21.01845,9.2283392,.19740145,.45424286,46.502579,-30.687424
2012,11,1.3191915,3.8083951,-20.739906,9.3698616,.20969371,.45767143,46.983265,-31.464584
2012,12,2.2948675,2.9663858,-21.197914,8.8002338,.16421115,.42695716,47.335617,-31.379215
2013,1,4.5207977,8.127039,-21.475563,8.9182053,.10331338,.44917142,47.202999,-32.335835
2013,2,.02589117,6.8398657,-18.341387,12.087698,.064232223,.3701143,47.775742,-33.294308
2013,3,1.8691946,6.4156718,-17.171202,12.798491,.10283381,.40545714,48.181129,-33.027561
2013,4,2.8500922,4.7392621,-18.201752,11.556755,.10481364,.43847144,48.009094,-32.588558
2013,5,-.19337612,4.5079532,-16.091063,13.571734,.084964067,.43110001,48.118446,-32.560471
2013,6,-2.9227929,-.27917469,-15.36833,14.553743,.076224163,.42874286,48.321976,-33.02615
2013,7,4.7175984,1.5915009,-17.263508,12.763179,.13912483,.49970001,47.894897,-31.296881
2013,8,-2.0555904,-.26669952,-16.220442,13.946019,.13708517,.50980002,48.552994,-33.239422
2013,9,5.0840917,7.7397623,-18.716236,11.207122,.079318337,.45285714,49.066689,-33.501331
2013,10,3.9658587,6.9888678,-18.589664,11.396795,.089601256,.4924143,48.891392,-33.11636
2013,11,1.4504169,10.500156,-17.462208,12.637369,.077765256,.45158571,49.184326,-32.281967
2013,12,1.7604696,7.1797023,-17.949001,12.258885,.050111547,.42975715,49.487736,-32.484631
2014,1,-4.0603871,-.85203564,-16.286974,14.38272,.094925135,.45197141,49.071167,-31.710352
2014,2,4.7611823,2.45366,-18.210463,12.203781,.087749131,.45275715,49.914646,-31.954224
2014,3,.50820345,1.1999149,-17.849834,12.659164,.0094055971,.39588571,50.872635,-33.454277
2014,4,.98693538,6.260757,-18.502096,11.67588,-.0093718879,.40138572,50.918709,-33.627007
2014,5,2.180352,3.6676748,-17.622499,12.696953,.0076583815,.38330001,51.279438,-35.070133
2014,6,1.9042521,5.0681596,-17.99131,12.383915,.034131121,.3645857,51.652885,-34.713844
2014,7,-1.1850511,2.8959618,-15.893583,14.540488,.076426826,.36300001,51.849644,-35.153595
2014,8,2.2342215,2.9494088,-15.066291,15.356956,.092467591,.34687144,51.738678,-34.725212
2014,9,-3.2487929,-2.2032135,-11.337182,18.875433,.10008365,.33668572,52.037056,-34.292648
2014,10,.7284987,-.2896637,-9.4934921,20.695393,.085561074,.28607145,52.057713,-34.213886
2014,11,1.7123795,-.81235069,-7.3048115,22.824219,.082028821,.26415715,52.836723,-35.549038
2014,12,-1.8946831,.54556137,-4.4682336,25.421238,.021259749,.16347142,52.691376,-34.554905
2015,1,-1.549181,-1.7325407,.33949968,30.012838,.16971362,.076514289,52.194557,-35.271744
2015,2,5.4641161,2.0172946,.24549071,29.767368,.14647242,.0036714268,51.685482,-34.199261
2015,3,-1.4863051,2.417223,3.3959975,32.934895,.12994303,-.036899991,51.404274,-33.163345
2015,4,2.8902721,6.8676605,-.13296802,29.373671,.14569125,-.014157147,50.813683,-33.234329
2015,5,-.061279524,1.3422649,1.8710572,31.486834,.122661,-.023171429,50.37933,-32.357292
2015,6,-2.3325984,.49216938,.58405715,30.446836,.1166987,-.061857142,50.035915,-30.678003
2015,7,.90355879,-1.4955996,2.8588305,32.884598,.077301286,-.11822857,50.61937,-32.686012
2015,8,-7.053196,-8.4845591,2.6868994,32.754848,.091914341,-.19301429,50.463768,-30.897554
2015,9,-3.6322043,-9.7894449,3.2115903,32.923306,.21847194,-.11802857,50.093159,-30.724049
2015,10,7.5852795,-3.1163862,3.0452874,32.766281,.16509247,-.20798573,49.727097,-31.510168
2015,11,-.77658153,3.175015,6.0024414,35.842457,.24455729,-.38819999,49.037075,-31.490826
2015,12,-1.7811406,5.0425549,5.513876,35.327808,.083706714,-.47052857,48.465569,-30.930176
2016,1,-6.1982141,-8.7569933,6.437439,36.375423,.088760071,-.4835,49.295704,-29.7913
2016,2,-.65061331,-8.6363106,5.0072308,34.562595,.149333,-.53977144,48.584095,-30.30238
2016,3,7.1967344,.34684485,.98082376,30.465067,.19530457,-.47151428,47.791519,-28.905622
2016,4,1.5081125,8.0195656,-1.0449035,28.675848,.22497271,-.4238143,47.891258,-28.507627
2016,5,.19526292,8.8561468,1.9941494,31.770609,.1949811,-.58055717,47.805622,-29.80163
2016,6,-.57128084,1.1183552,2.7051215,32.573029,.29380521,-.54985714,48.24329,-30.945429
2016,7,4.2480063,3.8662758,2.4732206,32.276577,.44403917,-.57095712,48.496029,-29.040066
2016,8,.37417638,4.0189757,2.8194621,32.925751,.42001945,-.64267141,48.406097,-29.787184
2016,9,.63592595,5.2447853,1.7919735,31.936676,.58467191,-.59032857,48.412964,-30.939623
2016,10,-1.6990008,-.70158696,5.4396791,35.543018,.53072643,-.6174143,48.609543,-28.237326
2016,11,.80605644,-.29105607,8.2021732,38.384949,.52985311,-.77887142,48.415897,-27.421061
2016,12,2.1540341,1.2458634,8.6070824,38.969864,.49098501,-.86342853,49.271992,-28.424341
2017,1,2.6858864,5.6430035,5.5978656,36.425041,.37835363,-.7984857,49.377357,-28.732283
2017,2,2.7737713,7.5914569,7.018074,37.628796,.31995162,-.85505712,48.999382,-27.696037
2017,3,1.2554431,6.7000904,6.9157724,37.327843,.17325701,-1.0446429,49.674282,-28.113916
2017,4,1.5320438,5.5644164,6.1983533,36.468643,.27589881,-1.0310285,50.56926,-28.80674
2017,5,2.1976898,4.9811282,4.5519319,34.712456,.22474846,-1.1641858,50.704258,-28.624557
2017,6,.43511182,4.1526899,3.1655018,33.36544,.21600905,-1.1985857,50.868855,-28.568291
2017,7,2.7203808,5.3448195,-.36824399,29.64167,.19437447,-1.2243571,50.828526,-28.764212
2017,8,.35830477,3.4859145,-.63744491,29.800081,.17631567,-1.2219429,50.353668,-27.515158
2017,9,1.8618913,4.931922,.02932358,30.699841,.29843798,-1.2040714,50.35627,-27.905773
2017,10,1.9974819,4.2022433,1.8549709,32.566193,.26925683,-1.3058429,51.861961,-29.693329
2017,11,1.8834225,5.7508469,1.0299855,31.78084,.23713936,-1.4813571,52.394753,-29.255066
2017,12,1.5501596,5.4238696,-.1609239,30.679317,.10571024,-1.5259714,52.717175,-28.905828
2018,1,5.4036546,8.8297777,-3.8883882,27.475748,.29437062,-1.5058714,52.462967,-29.210955
2018,2,-4.3608356,2.5859063,-1.7192518,29.457516,.28933203,-1.7144572,52.816616,-29.290266
2018,3,-2.1912286,-1.1786324,-2.0104845,29.052776,.25911397,-1.8708667,53.386982,-29.364538
2018,4,.86334348,-5.7054596,.10969219,31.15864,.29084727,-1.8278143,54.287621,-31.24622
2018,5,.054962624,-1.286325,2.0340953,33.147343,.15519615,-1.9536285,53.491276,-30.246586
2018,6,-.64720726,.26524231,2.714741,33.866856,.11245508,-1.9512714,54.23999,-30.099077
2018,7,2.856236,2.2413023,2.4696052,33.374382,.03562896,-2.2544334,54.683952,-30.978075
2018,8,.67249662,2.8619797,3.8759215,34.901398,.011262719,-2.0783286,55.483822,-31.461639
2018,9,.31503513,3.8375502,2.9879153,34.008739,.30675346,-2.2521,55.620995,-31.626415
2018,10,-7.9394879,-6.960629,5.073523,36.20369,.31860405,-2.2112,55.840977,-31.005177
2018,11,1.3221993,-6.3068919,5.5834379,36.639805,.16730581,-2.3527572,56.376503,-32.510818
2018,12,-7.4434962,-14.06636,4.8953943,35.950878,-.042581998,-2.3852286,56.417194,-31.188477
2019,1,7.4447241,1.3009661,3.7676609,35.028339,.05808682,-2.2935572,56.024658,-32.242695
2019,2,2.4937258,2.480319,4.6445432,35.751617,-.0035192841,-2.2803857,55.518986,-32.362896
2019,3,1.1186581,11.055226,5.6556244,36.92902,-.029911481,-2.2927999,55.626591,-31.986513
2019,4,3.163919,6.7808857,6.2124228,37.435989,.063266926,-2.2483714,54.993454,-31.416817
2019,5,-6.234127,-1.9538054,6.7496715,37.954716,.0073785074,-2.1906002,55.211208,-30.384243
2019,6,6.1921387,3.1254497,4.7847757,36.127686,.049599804,-1.9637001,55.257896,-32.245094
2019,7,.15849307,.078658797,7.0008101,38.2896,.018597273,-2.0086,55.081871,-31.677982
2019,8,-2.5353479,3.7835221,8.1480904,39.668865,-.068866536,-1.9000572,55.784416,-33.369095
2019,9,1.9553276,-.4109475,8.3639116,39.881851,.2284866,-1.7633142,55.436279,-32.551704
2019,10,2.5744975,2.0004194,6.7593307,38.397678,.17704421,-1.4328858,55.028503,-32.755539
2019,11,2.3326499,6.8198023,7.4107246,39.177429,.15887065,-1.4519143,55.952209,-34.184132
2019,12,3.3628192,8.2302141,5.0236325,36.961166,-.045215216,-1.4332,55.600773,-33.093193
2020,1,-1.2007807,4.4901905,6.8388066,39.103947,-.037413474,-1.3655,55.172791,-32.888317
2020,2,,,8.1109934,40.250961,-.032391652,-1.2467285,55.275429,-32.400398
2020,3,,,10.793312,40.250961,.51466101,-.34948573,50.808807,-31.554684
2020,4,,,10.135988,40.250961,.11042764,-.30174285,36.963661,-30.804016
2020,5,,,8.7288933,40.250961,.044989437,-.35667142,37.940983,-30.360048
2020,6,,,8.7288933,40.250961,.051101733,-.36807144,43.902039,-31.499763
2020,7,,,8.7288933,40.250961,.042722698,-.33950001,47.373161,-32.259899
2020,8,,,8.7288933,40.250961,.0030167531,-.36679998,47.73727,-32.624008
2020,9,,,8.7288933,40.250961,,,47.73727,-32.624008
2020,10,,,8.7288933,40.250961,,,47.73727,-32.624008
2020,11,,,8.7288933,40.250961,,,47.73727,-32.624008
2020,12,,,8.7288933,40.250961,,,47.73727,-32.624008
2021,1,,,8.7288933,40.250961,,,47.73727,-32.624008
2021,2,,,8.7288933,40.250961,,,47.73727,-32.624008
2021,3,,,8.7288933,40.250961,,,47.73727,-32.624008
2021,4,,,8.7288933,40.250961,,,47.73727,-32.624008
2021,5,,,8.7288933,40.250961,,,47.73727,-32.624008
2021,6,,,8.7288933,40.250961,,,47.73727,-32.624008
2021,7,,,8.7288933,40.250961,,,47.73727,-32.624008
2021,8,,,8.7288933,40.250961,,,47.73727,-32.624008
2021,9,,,8.7288933,40.250961,,,47.73727,-32.624008
2021,10,,,8.7288933,40.250961,,,47.73727,-32.624008
2021,11,,,8.7288933,40.250961,,,47.73727,-32.624008
2021,12,,,8.7288933,40.250961,,,47.73727,-32.624008
2022,1,,,8.7288933,40.250961,,,47.73727,-32.624008
2022,2,,,8.7288933,40.250961,,,47.73727,-32.624008
2022,3,,,8.7288933,40.250961,,,47.73727,-32.624008
2022,4,,,8.7288933,40.250961,,,47.73727,-32.624008
2022,5,,,8.7288933,40.250961,,,47.73727,-32.624008
2022,6,,,8.7288933,40.250961,,,47.73727,-32.624008
2022,7,,,8.7288933,40.250961,,,47.73727,-32.624008
2022,8,,,8.7288933,40.250961,,,47.73727,-32.624008
2022,9,,,8.7288933,40.250961,,,47.73727,-32.624008
2022,10,,,8.7288933,40.250961,,,47.73727,-32.624008
